employee_id,name,age,gender,department,jobrole,education,maritalstatus,monthlyincome,yearsatcompany,overtime,performancerating,attrition,dateofhire,dateofexit
6594,Kristin Gonzalez,38.0,Female,Hr,Manager,Bachelor,Married,14580.0,11,No,5,No,2016-10-11,
8168,John English Jr.,49.0,Male,Hr,Technician,Master,Divorced,5936.0,5,No,4,No,,
1207,Eric Miranda,25.0,Male,R&D,Executive,Bachelor,Single,13224.0,2,No,5,No,2025-07-08,
8025,Alexis Curtis,47.0,Male,It,Executive,Bachelor,Divorced,3281.0,3,No,3,Yes,,2017-11-14
2219,Barry Robinson,34.0,Female,Sales,Consultant,Phd,Divorced,5728.0,3,No,1,Yes,2015-05-02,
3534,Stacy Woods,49.0,Male,It,Engineer,Master,Divorced,6711.0,6,No,4,Yes,,2020-11-26
5094,Phillip Bryant,20.0,Male,Finance,Engineer,Bachelor,Single,4259.0,6,No,4,No,2016-11-08,
9986,Mary Brown,49.0,Female,It,Analyst,Phd,Divorced,9476.0,3,Yes,5,No,,
8009,Walter Oliver,57.0,Male,Hr,Executive,Master,Single,13293.0,12,Yes,1,No,,
4837,Andrea Powell,25.0,Female,Sales,Analyst,Phd,Married,5263.0,5,No,3,No,2020-07-12,
9778,Bryan Weber,53.0,Female,Hr,Technician,Bachelor,Divorced,10806.0,13,No,3,Yes,,
4261,Sara Shannon,48.0,Male,It,Consultant,Master,Married,13062.0,12,Yes,3,No,2012-01-07,2024-07-01
5783,Ms. Carol Maldonado DVM,57.0,Male,Sales,Manager,High School,Married,8088.0,4,Yes,2,No,,
7206,Sheri Perez,40.0,Female,Sales,Manager,Master,Single,4304.0,6,No,4,No,,
3366,Thomas Garcia,42.0,Female,Hr,Analyst,High School,Single,13970.0,14,No,4,No,,
3920,Jacob Campbell,26.0,Female,R&D,Manager,High School,Married,11233.0,7,No,3,Yes,,
7885,Connor Carter,58.0,Female,Finance,Manager,High School,Married,8684.0,9,Yes,3,Yes,,2020-08-16
9821,Richard Castaneda,57.0,Female,R&D,Executive,Phd,Divorced,13078.0,4,Yes,2,Yes,,
9348,Brian Stewart,24.0,Male,R&D,Executive,Phd,Single,13920.0,7,No,3,Yes,,
3122,Matthew Williams,57.0,Female,Finance,Engineer,Bachelor,Divorced,12773.0,3,Yes,1,No,,
1974,Jake Ryan,53.0,Female,It,Technician,Phd,Single,5856.0,1,No,3,No,,
7974,Steven Jones,36.0,Female,R&D,Technician,Master,Divorced,3624.0,9,Yes,3,No,,
6604,Thomas Lucas,20.0,Female,Sales,Consultant,Bachelor,Single,6260.0,4,Yes,1,Yes,,
3759,Arthur Chen,50.0,Female,It,Technician,High School,Divorced,5723.0,13,No,3,Yes,,
9561,Kelly Whitney,36.0,Male,Sales,Technician,Phd,Single,5670.0,3,Yes,3,No,,
6118,Christopher Young,20.0,Male,Finance,Manager,High School,Single,8733.0,11,No,3,No,,
3667,Roger Cowan,52.0,Male,Finance,Engineer,Master,Single,4077.0,11,Yes,3,Yes,,
4162,Rebecca Rivera,24.0,Male,Sales,Technician,Phd,Divorced,13472.0,1,No,4,Yes,2022-12-05,
6435,Robert Nielsen,35.0,Male,It,Manager,High School,Divorced,3399.0,3,Yes,2,No,,
5644,Karen Wilson,54.0,Female,R&D,Engineer,High School,Divorced,10595.0,3,No,4,No,,
8047,Kristen Davis,47.0,Female,Hr,Engineer,Phd,Married,3271.0,6,Yes,1,Yes,2020-09-07,
5435,Michael Wong,51.0,Male,It,Manager,Master,Single,4824.0,2,Yes,1,No,,
9449,Melvin Melendez,50.0,Female,It,Analyst,Bachelor,Single,9209.0,9,Yes,5,Yes,,2031-10-22
8336,Jamie Dudley,53.0,Female,Finance,Technician,Master,Married,7537.0,8,No,5,Yes,,
5966,Kevin Stone,30.0,Male,Hr,Analyst,High School,Married,14017.0,3,Yes,3,Yes,,
2103,Mary Boyd,59.0,Female,Finance,Manager,High School,Single,4355.0,5,No,2,No,,
8322,Jessica Travis,42.0,Male,R&D,Technician,High School,Single,12840.0,0,Yes,4,No,,
7975,Joshua Ruiz,50.0,Female,Hr,Engineer,Bachelor,Divorced,9739.0,11,Yes,5,No,,
2134,Elizabeth Lewis,39.0,Male,It,Technician,Master,Divorced,13254.0,7,No,4,No,2016-02-10,2023-10-02
5332,Jessica Cantu,52.0,Female,R&D,Technician,Phd,Single,3806.0,6,Yes,4,No,2022-08-03,
1829,Lori Lee,29.0,Male,Hr,Consultant,Phd,Single,6634.0,7,No,2,No,,
6099,Nancy Todd,27.0,Male,Hr,Engineer,High School,Married,8795.0,8,Yes,1,No,,
9581,Lindsey Scott,35.0,Female,Finance,Manager,Master,Divorced,7306.0,9,No,4,No,,
3538,Frank Sullivan,24.0,Male,It,Technician,Bachelor,Divorced,9569.0,3,Yes,3,No,,
8129,Allen Daniels,22.0,Male,It,Executive,Bachelor,Married,13663.0,8,No,4,Yes,2019-08-06,
5013,Brett Moses,33.0,Female,Sales,Analyst,High School,Married,7990.0,0,No,2,No,,
4413,Ms. Emily Ford,38.0,Female,Hr,Technician,Phd,Single,5091.0,5,Yes,3,No,,
5642,Gabrielle Lamb,33.0,Male,Sales,Engineer,Phd,Married,14490.0,7,No,5,No,,2020-01-16
3269,Jennifer Vincent,37.0,Male,Hr,Consultant,Phd,Married,4903.0,14,No,3,Yes,,
1631,John Hanson,59.0,Male,R&D,Engineer,High School,Single,4869.0,11,No,5,No,2022-03-01,
3074,Christine Morales,44.0,Female,Sales,Technician,Master,Single,6759.0,1,No,4,No,,
3529,Rachel Davidson,55.0,Female,It,Analyst,Phd,Single,8814.0,12,Yes,2,No,,
7707,Richard Bishop,56.0,Male,Sales,Manager,Master,Single,13714.0,1,Yes,3,Yes,,2016-10-21
2329,Victoria Smith,39.0,Female,R&D,Manager,High School,Divorced,6054.0,5,No,5,No,,
1027,Kristopher Miller,59.0,Male,It,Consultant,Phd,Divorced,10568.0,12,No,1,Yes,,
9569,Jeffrey Alvarez,53.0,Female,It,Consultant,High School,Divorced,3796.0,12,Yes,2,Yes,,
9902,Melissa Roman,28.0,Male,It,Technician,Phd,Single,6520.0,2,No,1,No,,
6846,Paul Mendoza,45.0,Female,It,Executive,Master,Single,3002.0,4,Yes,5,No,,
2582,David Jensen,46.0,Female,R&D,Technician,Phd,Single,7284.0,10,No,3,Yes,,
8004,Jessica Joseph,42.0,Female,R&D,Engineer,Master,Single,7945.0,10,Yes,5,Yes,,2026-12-19
4970,John Moreno,59.0,Female,Finance,Executive,High School,Married,8685.0,12,Yes,3,No,2024-02-02,
6538,Crystal Dunn,30.0,Female,Finance,Analyst,Master,Single,5308.0,10,Yes,2,No,,2024-11-26
3891,Jessica Moreno,38.0,Male,R&D,Manager,Phd,Divorced,3624.0,5,Yes,2,Yes,,
9003,Heather Fitzgerald,53.0,Female,Sales,Engineer,Bachelor,Divorced,10958.0,10,Yes,1,Yes,,
7857,Kathleen Henderson,30.0,Female,Hr,Engineer,Phd,Married,4511.0,14,Yes,5,No,,
1647,Adam Bowers,54.0,Male,Sales,Engineer,Phd,Single,12878.0,0,No,3,No,2021-04-03,
2476,Benjamin Wright,41.0,Female,Hr,Technician,Bachelor,Married,7416.0,12,Yes,4,No,,
1819,Alejandra Salas,45.0,Female,It,Analyst,Phd,Divorced,13359.0,2,No,3,Yes,,
6631,Sarah Mccall,43.0,Male,It,Analyst,High School,Married,2661.0,13,No,2,Yes,,
1814,Daniel Harding,39.0,Female,It,Analyst,Phd,Single,5100.0,5,No,1,No,,
6757,Jennifer Brown,43.0,Female,Sales,Engineer,High School,Single,9405.0,5,No,5,Yes,,
8438,Jonathan West,45.0,Female,Finance,Analyst,High School,Divorced,11870.0,3,No,5,Yes,,
1118,William Clark PhD,23.0,Female,Hr,Executive,Master,Divorced,14598.0,7,No,3,No,,2027-08-28
6509,Patrick Pope,28.0,Male,It,Engineer,Master,Divorced,13491.0,4,Yes,2,No,,
7348,Daniel Johnson,21.0,Male,It,Analyst,Master,Divorced,2594.0,12,No,3,No,,
3972,George Lucas,57.0,Male,Hr,Engineer,Master,Married,13244.0,0,No,4,No,,
9544,Carolyn Carter,20.0,Female,Sales,Analyst,Bachelor,Married,6551.0,5,No,2,Yes,2021-01-11,2026-11-01
4487,Karen Hunt,28.0,Female,Sales,Manager,Master,Divorced,9583.0,13,Yes,3,Yes,,
8384,Jennifer Kelly,30.0,Female,R&D,Technician,High School,Married,14563.0,3,No,5,Yes,2022-05-04,
4740,Erin Medina,42.0,Male,It,Executive,Phd,Divorced,11331.0,6,Yes,3,Yes,,
9763,Christina Harris,52.0,Male,Finance,Consultant,Phd,Divorced,9845.0,8,Yes,4,No,,
3181,Bryce Riley,39.0,Male,R&D,Technician,Phd,Married,8308.0,2,No,3,Yes,,2019-06-10
5551,Mark Estrada,59.0,Female,Hr,Executive,Bachelor,Married,10055.0,3,No,2,Yes,,
1026,Stacey Barnett,55.0,Female,Finance,Executive,Phd,Divorced,10852.0,12,Yes,3,No,,
9860,Mrs. Andrea Watkins,39.0,Male,Finance,Consultant,Master,Divorced,8406.0,14,No,1,Yes,,2038-07-23
4326,James Diaz,32.0,Male,It,Analyst,Bachelor,Married,8910.0,12,Yes,4,Yes,,2025-11-16
7022,Joshua Drake,38.0,Female,Sales,Analyst,Bachelor,Single,4724.0,12,Yes,1,Yes,,
8797,Amber Butler,21.0,Male,R&D,Analyst,Phd,Married,9145.0,14,Yes,1,No,,
7960,Lindsey Bailey,34.0,Female,Hr,Consultant,Phd,Single,6080.0,7,No,2,Yes,,
2752,Jennifer Price,53.0,Female,R&D,Executive,Bachelor,Single,8683.0,7,Yes,4,No,,
5173,Victoria Myers,24.0,Male,Sales,Analyst,High School,Single,4532.0,12,Yes,2,No,2014-12-12,
4758,Kristin Silva,37.0,Male,It,Analyst,Bachelor,Divorced,9373.0,12,No,2,No,,
7278,Jessica Rose,22.0,Female,R&D,Engineer,High School,Divorced,6056.0,14,Yes,5,No,2012-09-03,
4267,Robert Wang,52.0,Male,Sales,Technician,Bachelor,Married,5827.0,6,Yes,3,No,,
9297,Justin Benton,30.0,Female,Hr,Analyst,High School,Married,6288.0,7,Yes,4,Yes,2020-09-08,2027-08-09
9650,Darius Meyer,35.0,Male,Finance,Consultant,High School,Married,8772.0,9,No,3,Yes,,
2753,Jesus Mcdaniel,56.0,Female,Finance,Consultant,High School,Single,8813.0,4,No,2,No,,
6519,Daniel Anderson,37.0,Female,Unknown,Manager,Bachelor,Divorced,8814.0,11,Yes,5,Yes,,
1546,Cynthia Pham,54.0,Female,R&D,Manager,Phd,Single,4413.0,8,Yes,1,No,,
9853,Jordan Smith,37.0,Male,Sales,Manager,Master,Married,7339.0,11,No,1,Yes,,
1428,Katelyn Hodge,35.0,Male,It,Manager,Bachelor,Divorced,14450.0,11,No,4,Yes,,
5054,Robert Bennett,21.0,Female,R&D,Analyst,Master,Divorced,8814.0,4,No,2,Yes,,
5116,James Mcbride,53.0,Male,Sales,Manager,Phd,Married,8960.0,11,No,1,No,,
5670,Jenny Johnson,50.0,Male,Finance,Analyst,High School,Divorced,5966.0,14,Yes,3,Yes,2017-11-07,
2737,Nicole Garcia,21.0,Male,R&D,Analyst,Master,Married,13113.0,7,No,4,No,,
3837,Diana Reynolds,45.0,Male,Unknown,Analyst,Phd,Married,3417.0,3,Yes,3,Yes,2019-03-04,2022-04-03
6455,Kimberly Woods,52.0,Male,Sales,Manager,Bachelor,Single,8814.0,5,Yes,2,Yes,,
2337,Patricia Miller,41.0,Male,Sales,Analyst,Bachelor,Single,5041.0,8,No,5,No,2024-07-12,
8931,Gregory Garcia,28.0,Male,R&D,Manager,High School,Divorced,10013.0,9,No,1,Yes,,2023-11-21
7439,Justin Martinez,47.0,Female,It,Manager,Phd,Divorced,11980.0,6,Yes,4,Yes,,2031-04-16
3346,Ryan Dougherty,21.0,Male,Hr,Engineer,Phd,Single,11777.0,13,No,3,No,2013-02-04,
4029,Kelly Johnson,43.0,Female,Finance,Analyst,High School,Single,2942.0,7,No,1,No,,2032-02-06
2091,Justin Mercer,55.0,Male,Sales,Engineer,Bachelor,Married,6275.0,4,Yes,1,Yes,,
6449,Aaron Long,58.0,Male,It,Manager,Master,Divorced,4088.0,12,No,4,No,2016-11-09,
4085,Francisco Maxwell,31.0,Female,Finance,Engineer,Bachelor,Single,11270.0,5,Yes,1,No,,
1756,Angela Davis,52.0,Male,Finance,Manager,Phd,Single,11208.0,5,Yes,2,Yes,,2027-04-03
5696,Lisa Frederick,40.0,Male,Finance,Analyst,Bachelor,Single,7890.0,6,Yes,5,Yes,,
7786,Jessica Smith,25.0,Male,It,Executive,Phd,Married,11631.0,11,No,4,No,,
9454,Cynthia Smith,42.0,Female,R&D,Engineer,Phd,Married,8539.0,2,No,2,No,,
3233,Caroline Peters,37.0,Male,Finance,Manager,High School,Single,9670.0,3,No,4,No,,
1241,Sherry Powers,40.0,Male,Sales,Executive,High School,Divorced,14444.0,11,No,1,No,2016-09-11,2027-11-09
8588,Andrew Reed,27.0,Male,It,Engineer,Phd,Single,8085.0,6,No,2,No,,
1126,Anthony Warner,33.0,Male,R&D,Engineer,Master,Divorced,3880.0,3,No,3,Yes,,
9364,Anthony Foster,57.0,Female,Finance,Engineer,High School,Divorced,11577.0,6,No,5,No,,
8887,Alexis Mckenzie,45.0,Male,Finance,Analyst,Master,Divorced,12302.0,5,No,1,Yes,,
2816,Denise Willis,22.0,Male,Sales,Manager,High School,Single,14611.0,5,No,4,No,,
5283,Linda Valencia,20.0,Male,R&D,Technician,Master,Married,3572.0,10,No,5,No,,
4532,David Cooper,26.0,Male,Hr,Executive,Bachelor,Divorced,12451.0,7,No,2,No,,
9108,Jordan Boyle,52.0,Female,Unknown,Analyst,Master,Single,10625.0,10,Yes,5,No,,
6746,Christina Stevens,45.0,Male,Sales,Consultant,High School,Single,11783.0,3,No,1,No,,
3084,Jon Nelson MD,22.0,Female,Hr,Consultant,Bachelor,Divorced,5203.0,0,No,1,No,,
1096,Victor Randolph,28.0,Male,It,Engineer,Phd,Married,12087.0,12,Yes,5,No,2024-03-07,
8883,Meghan Oconnor,47.0,Male,It,Manager,Phd,Married,3270.0,6,Yes,3,No,2022-11-05,
2324,Nancy Bates,55.0,Male,It,Engineer,Master,Single,6902.0,6,No,5,Yes,,
8198,Donald Smith,23.0,Female,Unknown,Analyst,Bachelor,Single,13627.0,3,No,3,Yes,,
5363,Tammy Hill,59.0,Male,Hr,Engineer,High School,Married,12843.0,4,No,1,Yes,2021-08-10,2025-10-08
1488,Travis Morton,41.0,Male,R&D,Executive,Bachelor,Single,10845.0,5,No,2,Yes,,
6580,Emily Dominguez,40.0,Male,R&D,Consultant,Bachelor,Married,8742.0,10,No,5,No,,
6768,Justin Jackson,58.0,Male,R&D,Engineer,Bachelor,Single,5656.0,6,Yes,2,No,,
5721,Rebecca Johnson,41.0,Female,It,Executive,Master,Married,10600.0,5,No,2,Yes,,
5730,Michele Taylor,54.0,Male,Sales,Executive,Bachelor,Divorced,10004.0,10,Yes,3,No,,
1148,Nicole Duncan,49.0,Female,Hr,Technician,Master,Divorced,2648.0,0,No,4,No,,
8926,Tyler Carr,21.0,Male,It,Engineer,Bachelor,Divorced,7679.0,12,No,4,No,,
9691,Debbie Mora,29.0,Male,Sales,Executive,Master,Married,14163.0,7,No,3,No,,
3679,Trevor Adams,55.0,Male,R&D,Consultant,Bachelor,Single,12366.0,14,Yes,1,Yes,,
2867,Sarah Payne,39.0,Male,It,Manager,Bachelor,Married,9493.0,14,No,4,Yes,,
5489,Aaron Smith,24.0,Female,Sales,Engineer,High School,Divorced,11464.0,10,Yes,1,No,,2024-05-29
6691,Jordan Coleman,59.0,Female,R&D,Technician,High School,Divorced,13289.0,9,Yes,2,No,,
8556,Kayla Morris,40.0,Male,Hr,Manager,High School,Single,10991.0,14,Yes,5,Yes,2023-06-01,
2996,Erin Snyder,46.0,Male,Hr,Executive,Bachelor,Single,3877.0,10,No,5,No,,
5999,Kendra Hunter,32.0,Female,Sales,Manager,Bachelor,Single,11234.0,11,Yes,4,No,,
7274,Michelle Haynes,34.0,Male,Hr,Executive,Phd,Divorced,12241.0,6,Yes,3,No,,
8975,Zachary Rice,48.0,Male,Sales,Analyst,High School,Divorced,12695.0,12,Yes,5,No,,
9833,Katie Weaver,42.0,Female,Finance,Executive,Bachelor,Single,11565.0,3,No,3,Yes,,
3754,Francisco Hensley,39.0,Male,Hr,Consultant,Bachelor,Married,13012.0,8,Yes,5,Yes,2013-12-02,
7177,David Adkins,32.0,Male,Finance,Consultant,Master,Divorced,10602.0,10,No,2,Yes,,
2628,Roger Clark,59.0,Male,Hr,Analyst,Bachelor,Married,9204.0,12,No,4,No,,
1893,Susan Sheppard,58.0,Female,R&D,Consultant,Master,Married,13584.0,3,Yes,2,Yes,,
6256,Kevin Rivera,37.0,Female,Unknown,Consultant,Phd,Single,8814.0,9,Yes,2,No,,
4798,Gregory Hansen,25.0,Male,R&D,Technician,Bachelor,Divorced,14031.0,3,Yes,2,Yes,,2023-08-31
6703,Christopher Williams,31.0,Female,Sales,Manager,Phd,Married,8814.0,13,No,3,No,,
8061,Anthony Jacobson,36.0,Female,Hr,Technician,Phd,Single,4680.0,13,No,2,No,,
9774,James Lopez,37.0,Male,It,Analyst,Master,Single,4878.0,5,Yes,2,No,,
9760,Leslie Hunt,38.0,Female,Sales,Technician,Master,Divorced,3949.0,10,Yes,4,Yes,,
6925,Ricardo Shepard,27.0,Male,Finance,Engineer,High School,Single,9897.0,4,Yes,2,Yes,,2017-10-23
5350,Tony Medina,29.0,Male,It,Consultant,Phd,Single,8741.0,2,Yes,3,Yes,,
5449,Amanda Johnson,52.0,Female,Hr,Engineer,Bachelor,Single,2554.0,1,Yes,4,Yes,,
4692,John Miller,32.0,Female,Finance,Engineer,Bachelor,Divorced,14448.0,13,No,2,No,,
8471,Stephen Coffey,55.0,Female,It,Analyst,Phd,Single,4136.0,9,No,1,No,,
1074,Justin Jones,58.0,Male,Finance,Executive,Phd,Divorced,12162.0,12,Yes,1,No,,
5070,Thomas Garcia,36.0,Female,R&D,Manager,Master,Divorced,7949.0,7,Yes,1,Yes,,
3268,James Figueroa,55.0,Female,Hr,Technician,Phd,Married,12489.0,1,Yes,3,No,,
8419,Alexandra Bass,40.0,Male,It,Consultant,Phd,Divorced,13216.0,11,No,1,No,,
6789,Denise Lynch,29.0,Female,Sales,Engineer,High School,Divorced,13117.0,14,Yes,2,Yes,,
2507,Joseph Williams,26.0,Male,Finance,Engineer,Master,Married,3718.0,7,Yes,2,No,,
1975,Mikayla Adams,22.0,Female,Sales,Manager,High School,Divorced,7373.0,6,Yes,1,No,,
4495,Joshua Miranda,32.0,Male,It,Technician,Phd,Divorced,10358.0,11,Yes,5,No,2023-12-10,
9126,Dominic White,49.0,Male,Finance,Manager,High School,Married,13935.0,5,Yes,5,Yes,,2028-05-29
3227,Sean Banks,28.0,Male,R&D,Executive,Master,Single,4494.0,0,Yes,1,Yes,2016-02-01,
3284,Caitlin Lester,51.0,Female,Sales,Engineer,Bachelor,Married,3995.0,14,No,3,No,,2032-03-04
1416,Tricia Jones,43.0,Male,It,Analyst,Bachelor,Single,9126.0,14,Yes,4,No,,
6291,Travis Brown,59.0,Male,Sales,Manager,Bachelor,Divorced,9471.0,14,Yes,4,No,2020-08-10,
9773,Charles Pennington,23.0,Female,Finance,Analyst,Phd,Divorced,2686.0,6,No,5,No,2024-04-03,
6811,Jacob Scott,28.0,Female,It,Technician,Phd,Divorced,4363.0,14,Yes,1,No,,
7802,Candice Hudson,56.0,Male,It,Technician,Master,Divorced,9222.0,8,No,5,Yes,,
8211,Heather Spencer,57.0,Female,Sales,Analyst,Bachelor,Single,5235.0,0,Yes,4,No,,
8991,Jessica Smith,40.0,Female,R&D,Engineer,High School,Divorced,10258.0,4,Yes,1,No,,2022-11-19
6644,Nicole Nguyen,53.0,Male,It,Technician,Master,Divorced,11214.0,11,No,3,No,,
3901,Olivia Mitchell,43.0,Male,Sales,Manager,Bachelor,Divorced,14685.0,4,Yes,5,Yes,2020-12-01,
1005,Erika Barnes,40.0,Female,Sales,Manager,Master,Married,9745.0,0,No,5,Yes,,
6380,James Barrera,41.0,Male,Hr,Executive,Master,Divorced,11217.0,14,No,5,Yes,,
4353,Victor Johnson,50.0,Female,Sales,Executive,Bachelor,Married,7610.0,2,Yes,2,No,,
4733,Teresa Miller,44.0,Female,R&D,Manager,High School,Divorced,10290.0,1,No,5,No,,
7389,William Parker,25.0,Female,Finance,Manager,High School,Married,3376.0,3,No,2,Yes,,
7692,Jonathan Hamilton,47.0,Female,It,Executive,Phd,Single,12513.0,11,Yes,2,Yes,,2032-05-31
1648,James Martinez,47.0,Female,Finance,Consultant,Phd,Single,14977.0,8,No,1,Yes,,
2883,Penny Hill,22.0,Male,Finance,Analyst,High School,Married,4395.0,9,Yes,2,No,2021-04-02,
1289,Daniel Mcguire,32.0,Male,Sales,Consultant,Master,Single,11634.0,4,No,3,No,,
9205,Robert Norman,33.0,Female,Sales,Executive,Phd,Single,4408.0,11,Yes,3,No,2025-12-09,
5623,Michele Klein,52.0,Female,Finance,Consultant,Bachelor,Divorced,6175.0,2,Yes,5,No,,2014-02-19
1352,James Thompson,20.0,Male,It,Engineer,Master,Married,11706.0,4,No,3,Yes,,
1702,Devin Cole,54.0,Male,It,Engineer,Master,Single,4279.0,1,No,4,Yes,,
5940,Amber Adams,42.0,Female,It,Manager,Master,Divorced,11858.0,11,No,1,No,,
9104,Jonathan Perez,28.0,Male,R&D,Analyst,Master,Married,5467.0,4,No,3,Yes,,
1284,Colleen Owen,28.0,Female,Finance,Technician,Bachelor,Single,7963.0,0,No,1,Yes,,2019-05-05
8063,Danielle Schmitt,45.0,Male,Finance,Executive,Bachelor,Divorced,4979.0,9,No,2,Yes,,
2286,Megan Sanford,32.0,Female,Hr,Manager,Phd,Divorced,3081.0,8,No,2,Yes,,
9023,Kelly Rowe,52.0,Female,Finance,Technician,Phd,Single,2501.0,1,Yes,4,Yes,,2021-02-26
1718,Anita Carr,32.0,Female,It,Manager,Bachelor,Married,7787.0,1,No,5,Yes,,2023-05-23
4978,Joseph Holmes,36.0,Male,R&D,Manager,Phd,Married,9766.0,3,Yes,2,No,,
1548,Peter Williams,32.0,Female,Sales,Technician,Phd,Single,12468.0,10,Yes,1,No,2014-10-06,
7610,Dylan Nelson,50.0,Male,Sales,Consultant,Phd,Married,5983.0,3,Yes,3,No,,
5608,Jonathan Frey,42.0,Male,Hr,Executive,Bachelor,Single,11888.0,3,Yes,3,Yes,,
9891,Daniel Collins,45.0,Male,It,Technician,Bachelor,Single,10159.0,0,Yes,3,No,,
3994,Patrick Morris,48.0,Male,R&D,Consultant,Bachelor,Married,9923.0,7,Yes,2,No,,
2020,Maurice Gates,28.0,Male,It,Executive,High School,Divorced,7578.0,14,No,4,No,2022-05-10,
6189,Zachary Carter,55.0,Female,It,Executive,Phd,Single,9932.0,9,No,4,Yes,,
2637,Christina Rogers,35.0,Male,Finance,Manager,High School,Single,9791.0,1,No,5,No,2020-05-06,
9421,Christine Aguilar,50.0,Female,It,Executive,Phd,Married,7281.0,5,Yes,4,No,,
3146,Thomas Jones,58.0,Female,Sales,Manager,High School,Married,4656.0,8,No,2,Yes,,
3239,Laura Pace,40.0,Male,Hr,Executive,Master,Single,14344.0,4,No,4,Yes,2021-02-06,2025-06-02
6488,Brian Powell,42.0,Female,R&D,Technician,Phd,Divorced,13939.0,10,No,2,Yes,,
1419,Emily Barnes,57.0,Female,It,Consultant,Master,Divorced,2641.0,7,No,3,Yes,,
3187,Lindsey Love,30.0,Female,It,Executive,Phd,Divorced,13796.0,12,No,2,No,2020-10-09,
9538,Lee Craig,34.0,Male,It,Analyst,Master,Married,13158.0,4,No,3,Yes,,
4112,Jennifer Mcdonald,39.0,Female,R&D,Analyst,High School,Divorced,4460.0,7,Yes,1,Yes,,
5668,Grace Gardner,35.0,Female,Hr,Engineer,Bachelor,Single,9093.0,10,No,1,No,,
8690,Brian Burton,38.0,Male,Hr,Analyst,Master,Single,10289.0,5,Yes,1,No,2020-02-01,
8905,Mr. Tanner Thomas,32.0,Male,Sales,Engineer,High School,Single,5629.0,14,Yes,5,No,2019-08-12,
4566,Leonard Norman,45.0,Female,Finance,Executive,Bachelor,Married,6199.0,0,No,5,No,,
3933,Jose Hudson,45.0,Male,It,Engineer,Phd,Single,3436.0,1,Yes,2,No,,
1065,Kenneth Harrington,42.0,Male,Sales,Executive,Master,Divorced,5297.0,2,No,4,No,2025-06-04,2027-04-06
3332,Aaron Watkins,57.0,Male,R&D,Engineer,Master,Divorced,14337.0,5,Yes,1,No,,
4669,Jessica Irwin,33.0,Female,Sales,Consultant,High School,Married,11835.0,3,Yes,2,Yes,2013-02-02,
2273,Daniel Figueroa,28.0,Male,Hr,Consultant,Bachelor,Married,4217.0,8,Yes,4,No,2023-06-04,
6728,Timothy Pitts,47.0,Female,It,Engineer,High School,Divorced,11762.0,7,Yes,4,No,,2028-02-06
7122,Dylan Evans,44.0,Female,R&D,Engineer,Phd,Married,7083.0,8,Yes,1,No,,
9261,Michelle Stewart,49.0,Male,It,Analyst,High School,Divorced,10129.0,7,No,1,No,2023-04-11,
8323,Samantha House,54.0,Male,It,Technician,Phd,Divorced,6579.0,2,Yes,3,No,2016-06-04,
1885,Mary Novak,56.0,Female,It,Analyst,High School,Married,14697.0,1,Yes,3,No,2016-01-03,
3467,Marilyn Jimenez,21.0,Female,It,Analyst,Phd,Single,4996.0,4,Yes,2,Yes,,2015-08-27
6407,Michelle Doyle,50.0,Female,It,Executive,Bachelor,Married,6058.0,10,Yes,1,No,,
4987,Thomas Morgan,34.0,Female,Sales,Consultant,High School,Divorced,11635.0,7,Yes,5,No,,2030-06-14
2253,David Morales,25.0,Female,It,Technician,Phd,Married,9009.0,13,No,3,No,,
1735,Sean Thompson,23.0,Male,Finance,Manager,Master,Single,14113.0,5,Yes,2,No,2011-07-04,
9610,Kathleen Adams,36.0,Female,R&D,Technician,Bachelor,Single,11202.0,3,No,5,No,,
2502,Gerald Cruz,26.0,Female,Hr,Engineer,Phd,Single,13580.0,2,No,1,No,,
2694,Nancy Gomez,38.0,Male,Sales,Engineer,Phd,Single,4565.0,7,Yes,1,Yes,,
6191,Julie Thomas,29.0,Female,Sales,Consultant,Bachelor,Divorced,11927.0,4,Yes,4,Yes,,
2131,Vincent Stevens,30.0,Female,Finance,Executive,Phd,Divorced,14043.0,0,Yes,4,Yes,,
5338,Karen Medina,40.0,Female,It,Engineer,Phd,Single,14667.0,12,Yes,1,No,,
1911,Alexander Campbell,24.0,Male,Hr,Engineer,Master,Married,3429.0,5,No,3,No,,
5715,Robert Duncan,50.0,Male,Finance,Engineer,Master,Divorced,9274.0,0,Yes,4,No,,
5157,Timothy Martin,24.0,Male,Hr,Engineer,Master,Single,12033.0,9,No,3,No,,
9120,Michael Ruiz,29.0,Male,Hr,Consultant,Phd,Single,3928.0,8,Yes,2,Yes,,2025-06-26
2297,Angela Navarro,57.0,Female,Finance,Technician,Bachelor,Single,9381.0,6,Yes,4,No,,2028-01-15
3394,Colton Stone,27.0,Male,Hr,Manager,Bachelor,Single,14464.0,10,Yes,5,Yes,,
4063,Sergio Williams,41.0,Male,Finance,Manager,Bachelor,Married,5244.0,4,No,4,Yes,,
1998,Paul Johnson,36.0,Male,Sales,Executive,Phd,Single,5691.0,8,No,1,No,2020-09-02,
3078,Evan Vasquez,23.0,Male,It,Executive,Bachelor,Single,6505.0,1,Yes,4,No,,2022-08-15
4217,Brian Miller,42.0,Male,Sales,Manager,Bachelor,Single,11933.0,14,No,1,No,2015-01-07,
5980,Dawn Watts,41.0,Male,It,Executive,Master,Married,13352.0,10,No,2,Yes,,
5370,Frank Cooper,22.0,Female,Finance,Consultant,Phd,Divorced,6340.0,13,No,1,Yes,,
3840,Margaret Martin,21.0,Male,Sales,Engineer,Bachelor,Married,4128.0,4,Yes,5,Yes,2013-12-07,2017-07-12
4649,Brian Ochoa,54.0,Female,Finance,Consultant,High School,Single,7092.0,0,Yes,5,No,,
9034,Brandon Hood,32.0,Female,It,Engineer,High School,Single,10378.0,13,Yes,5,Yes,,2024-12-30
6623,Jacob West,48.0,Female,R&D,Consultant,Master,Married,8411.0,3,Yes,5,No,,
4675,Matthew Taylor,30.0,Male,Finance,Consultant,Master,Divorced,13601.0,11,Yes,2,Yes,,
2532,Jeremiah Hensley,32.0,Male,R&D,Analyst,High School,Divorced,13616.0,7,Yes,2,Yes,,
1327,Erica Combs,25.0,Female,It,Consultant,Phd,Single,5011.0,10,Yes,5,No,2012-07-10,
1716,Melissa Wiley,52.0,Female,Finance,Manager,Phd,Married,10612.0,5,Yes,4,No,2018-06-02,
1683,Terry Sanders,59.0,Male,Sales,Analyst,Bachelor,Divorced,9904.0,7,No,4,No,,
9235,Pamela Raymond,25.0,Male,Hr,Executive,High School,Divorced,5219.0,12,Yes,5,Yes,2021-06-04,
9925,Marc Moreno,30.0,Female,R&D,Engineer,Bachelor,Single,13541.0,11,Yes,4,No,,2025-09-24
9912,Christopher Baker,48.0,Female,Sales,Technician,Master,Single,4309.0,0,No,1,Yes,,
2659,Danielle Gay,27.0,Female,Finance,Engineer,Phd,Married,2626.0,4,No,1,Yes,,
3060,David Cooper,41.0,Male,R&D,Manager,Bachelor,Married,12978.0,9,Yes,3,Yes,2017-05-03,
7420,Dana Christensen,21.0,Female,R&D,Manager,Bachelor,Married,7923.0,8,No,3,Yes,,
3957,Anthony Cain,58.0,Female,Sales,Analyst,Bachelor,Single,7892.0,1,No,4,Yes,,
5494,Aaron Cervantes,58.0,Male,R&D,Manager,Bachelor,Single,10192.0,14,No,3,Yes,,
2567,Erika Stark,50.0,Female,Sales,Manager,Bachelor,Single,5670.0,4,Yes,3,No,,
5905,Amanda Booker,58.0,Male,R&D,Consultant,Master,Married,14700.0,2,Yes,2,Yes,,
2048,Kenneth Holloway,29.0,Female,Sales,Engineer,Phd,Divorced,5349.0,6,No,2,Yes,,
2880,Crystal Smith DVM,36.0,Female,R&D,Manager,Bachelor,Single,7820.0,10,Yes,1,Yes,,
4355,Patrick West,47.0,Male,Sales,Consultant,Phd,Single,6509.0,11,No,3,No,2023-07-08,
3537,Lori Peterson,48.0,Female,Finance,Analyst,High School,Divorced,14394.0,7,No,5,No,,
4397,Robert Richardson,27.0,Male,R&D,Consultant,Bachelor,Single,12725.0,9,No,2,Yes,,
8230,Sandra Huerta,38.0,Male,Hr,Analyst,Phd,Divorced,8395.0,7,No,1,Yes,,
6441,Raymond Moore,44.0,Male,R&D,Engineer,High School,Married,8549.0,6,Yes,2,No,,
1519,Stephen Werner,32.0,Male,Hr,Technician,High School,Divorced,12040.0,6,Yes,2,No,2023-11-10,2029-10-11
8925,Thomas Jackson,44.0,Female,It,Consultant,Phd,Single,12631.0,3,No,1,Yes,,
2929,Richard Stout,22.0,Female,It,Executive,Bachelor,Divorced,13092.0,8,Yes,2,No,,
2168,Elizabeth Miller,57.0,Female,Hr,Engineer,Phd,Married,13293.0,9,Yes,3,Yes,,
3589,Michael Vazquez,56.0,Female,Finance,Technician,Phd,Married,12050.0,11,Yes,3,No,,
2397,Laura Robinson MD,30.0,Female,Hr,Technician,Phd,Married,13016.0,6,No,3,No,,
5743,Elizabeth Wheeler,55.0,Male,R&D,Analyst,Bachelor,Single,13522.0,11,No,1,Yes,,
3085,Sarah Oneal,51.0,Male,Hr,Manager,High School,Married,10526.0,14,Yes,2,Yes,,
9926,Shawna Gillespie,26.0,Male,Sales,Executive,Bachelor,Divorced,3475.0,13,No,1,No,,
6855,Alfred Craig,42.0,Male,Finance,Manager,Master,Divorced,9799.0,11,Yes,2,Yes,,
1024,Emily Miller,46.0,Male,Finance,Consultant,High School,Divorced,6688.0,2,Yes,5,Yes,,
2598,Joshua Castaneda,54.0,Female,Hr,Executive,Phd,Single,14483.0,5,Yes,4,Yes,,
8791,Michelle Ford,31.0,Female,Finance,Engineer,Phd,Single,8814.0,4,Yes,1,Yes,,2027-12-19
9839,Todd Johnson,20.0,Male,It,Analyst,Phd,Single,13669.0,12,No,1,No,2020-10-01,
8234,Rebekah Clark,45.0,Male,Sales,Technician,High School,Married,10738.0,12,Yes,4,Yes,2010-06-11,
6202,Scott Bowman,42.0,Male,Sales,Technician,Master,Married,4253.0,2,Yes,5,Yes,,
7769,Charles English,24.0,Female,R&D,Technician,Bachelor,Single,10484.0,5,No,5,Yes,2023-02-09,
5984,Justin Davis,34.0,Female,Sales,Consultant,Phd,Single,7375.0,10,No,3,Yes,,
6901,Juan Davis,38.0,Female,Sales,Analyst,Phd,Married,6053.0,5,No,3,Yes,2011-08-10,
1961,Alexis Gross,23.0,Male,Finance,Engineer,High School,Divorced,9371.0,1,Yes,5,No,,2013-11-22
8184,Jennifer Schmitt,56.0,Female,Sales,Analyst,Bachelor,Divorced,8814.0,11,No,4,Yes,,
2348,Kim Moore,58.0,Female,Hr,Manager,Bachelor,Married,13236.0,6,Yes,3,Yes,,2028-09-15
1650,Elizabeth Ramirez,42.0,Male,R&D,Executive,Bachelor,Single,9187.0,6,Yes,5,Yes,,
3041,Aaron Henson,46.0,Female,Sales,Consultant,High School,Single,6755.0,4,Yes,4,Yes,,
3516,Alicia Allen,32.0,Male,Finance,Analyst,Phd,Divorced,6654.0,12,Yes,3,No,,
1268,Francisco Adkins,31.0,Male,Hr,Technician,Bachelor,Divorced,12957.0,10,Yes,5,Yes,,
4037,Joshua Salinas,43.0,Female,Finance,Executive,Master,Divorced,6354.0,7,No,3,No,2015-10-10,
1521,Brandon Whitney,55.0,Male,Sales,Executive,Bachelor,Married,12137.0,7,Yes,5,Yes,,
1177,Renee Davis,26.0,Female,Hr,Manager,High School,Single,10492.0,12,No,1,No,,
9047,Sara Hughes,43.0,Male,Sales,Manager,Bachelor,Divorced,10150.0,12,Yes,3,No,,
4113,Nicholas Mccoy,22.0,Female,Finance,Consultant,Bachelor,Single,7799.0,10,No,4,No,,
7905,Rachel Ford,27.0,Female,It,Engineer,Phd,Single,11948.0,12,Yes,3,No,,2030-11-02
9862,Austin Smith,23.0,Female,Sales,Consultant,High School,Divorced,10489.0,9,Yes,1,No,,
1259,Kelsey Kaufman,33.0,Female,Sales,Technician,Phd,Single,6883.0,8,No,3,No,,
2604,Justin Hansen,23.0,Male,It,Executive,High School,Married,3159.0,5,No,3,Yes,,
1378,Dawn Bailey,33.0,Female,R&D,Executive,High School,Divorced,11954.0,13,Yes,3,No,,
5856,Sheri Williams,38.0,Female,Sales,Analyst,Phd,Married,8512.0,5,No,2,Yes,,
8912,Morgan Davis,33.0,Female,Hr,Technician,Phd,Married,3322.0,4,No,5,Yes,,2015-05-11
3500,William Neal,21.0,Male,Finance,Executive,Master,Single,14753.0,4,Yes,3,Yes,,
1891,Karen Valdez,24.0,Male,Hr,Technician,Bachelor,Married,12539.0,8,Yes,4,No,2022-12-12,
1673,Kenneth Rice,58.0,Female,R&D,Executive,Bachelor,Single,11666.0,9,No,2,Yes,,2021-11-29
5252,Bryan Russell,45.0,Female,Hr,Analyst,Bachelor,Single,13041.0,14,Yes,2,No,,2039-07-29
8968,Donna Watkins,23.0,Female,Hr,Executive,Bachelor,Married,4346.0,2,Yes,2,No,2012-08-12,
6638,Matthew Jones,45.0,Female,Sales,Technician,Master,Married,11975.0,1,Yes,2,No,,
3408,Anthony Harmon,38.0,Male,Hr,Analyst,High School,Divorced,4972.0,7,No,3,No,,
2661,Stephen Stevens,44.0,Male,Unknown,Analyst,High School,Single,8034.0,8,Yes,3,No,2011-07-09,
5236,Amanda Wade,31.0,Female,R&D,Analyst,High School,Single,8478.0,3,Yes,5,Yes,,
8688,Michael Johnson,29.0,Female,Sales,Engineer,High School,Divorced,14860.0,10,Yes,2,Yes,,
9555,Keith Brown,40.0,Female,R&D,Engineer,High School,Married,8814.0,8,Yes,3,No,,
6752,Kristina Johnson,48.0,Male,R&D,Technician,Phd,Divorced,7355.0,5,Yes,4,Yes,,
9591,Erin Lewis,46.0,Male,Sales,Analyst,Bachelor,Married,11090.0,14,No,5,No,,
9128,Thomas Wilson,46.0,Female,R&D,Consultant,High School,Divorced,13051.0,11,No,3,No,,
1560,Christopher Harper,42.0,Female,R&D,Manager,Phd,Single,7664.0,3,No,1,No,,
7427,Jacqueline Garza,42.0,Male,Finance,Manager,Bachelor,Single,5236.0,14,Yes,4,No,,
9568,Daniel Long,45.0,Male,Hr,Consultant,High School,Divorced,10470.0,8,Yes,2,No,,
7886,Sherry Mcmahon,36.0,Male,It,Engineer,High School,Divorced,3198.0,7,Yes,3,No,2014-03-03,
1903,Amy Leonard,48.0,Female,It,Consultant,Phd,Married,6422.0,10,Yes,5,No,,
3393,Sarah Wilkerson,35.0,Female,It,Engineer,Bachelor,Married,7480.0,9,No,3,No,,
3570,Jessica Johnson,45.0,Female,Sales,Consultant,High School,Single,3284.0,1,No,4,No,2017-04-02,
7377,Anne Walker,44.0,Male,Sales,Technician,High School,Divorced,5655.0,6,No,4,No,2024-08-05,
6344,Alexis Manning,22.0,Male,Sales,Executive,Bachelor,Single,8814.0,0,No,2,Yes,2023-01-04,
7991,Jose Douglas,50.0,Female,It,Consultant,Bachelor,Single,12360.0,4,Yes,1,Yes,,
8766,Charlotte Huber,54.0,Male,It,Analyst,Phd,Single,5874.0,8,Yes,4,No,,
3253,Brianna Stokes,49.0,Male,Sales,Consultant,Master,Married,6697.0,11,No,5,No,,
9906,Kaitlin Howell,51.0,Female,Finance,Manager,Bachelor,Divorced,6144.0,14,Yes,4,Yes,,
8135,Joel Sanchez,55.0,Male,Finance,Analyst,Bachelor,Single,12317.0,4,Yes,1,No,,
2446,Matthew Adams,41.0,Female,It,Executive,Bachelor,Single,7147.0,0,Yes,5,No,,
6915,Kevin Warren,24.0,Male,R&D,Technician,Phd,Married,11700.0,4,Yes,4,Yes,,
3306,Carla Dyer,32.0,Female,Finance,Technician,Phd,Single,14388.0,2,No,2,No,2019-04-09,
8918,Thomas Coleman,26.0,Male,Unknown,Engineer,Phd,Married,9662.0,11,Yes,5,No,2024-01-06,
4001,Jeremy Lawrence,34.0,Female,It,Manager,Bachelor,Single,12949.0,12,Yes,4,No,,
9414,Christopher Valenzuela,38.0,Female,R&D,Consultant,High School,Single,7805.0,3,Yes,2,Yes,,
7146,Diana Holt,40.0,Female,Finance,Analyst,High School,Married,9472.0,0,No,2,No,2024-01-06,
7778,Keith Bailey,31.0,Female,Finance,Technician,Bachelor,Single,8814.0,9,No,2,Yes,,
6501,Darrell Bond,55.0,Female,Sales,Technician,Phd,Single,6107.0,14,Yes,5,No,,2034-08-17
5093,Katrina Moss,56.0,Female,Sales,Manager,Phd,Single,5976.0,13,Yes,4,Yes,,
9174,Allen Smith,36.0,Female,It,Consultant,Phd,Divorced,14657.0,6,No,4,No,,
5480,Leslie Richard,23.0,Female,Finance,Executive,Bachelor,Divorced,6459.0,9,Yes,5,No,,
6077,Mrs. Rebecca Thomas,52.0,Male,Finance,Technician,Bachelor,Divorced,8814.0,6,Yes,2,Yes,,
8739,Howard Lee Jr.,42.0,Female,Sales,Engineer,Phd,Single,6296.0,9,Yes,4,No,,
3745,Tiffany Sanford,31.0,Female,Sales,Analyst,Master,Divorced,12676.0,1,No,4,Yes,,
3326,David Simpson,26.0,Female,R&D,Engineer,High School,Single,9602.0,14,No,1,No,,
1706,Joshua Henderson,58.0,Male,Hr,Consultant,Phd,Married,9552.0,9,Yes,3,No,,
5466,Sherri Montes,30.0,Male,Sales,Manager,High School,Single,13620.0,13,No,2,Yes,,
3144,Nathan Heath,51.0,Female,R&D,Engineer,High School,Married,14374.0,13,No,4,Yes,,2029-06-26
9545,Sylvia Kennedy,47.0,Female,Unknown,Engineer,High School,Divorced,5700.0,0,No,3,No,,
9609,Mrs. Sarah Holland DDS,29.0,Male,R&D,Consultant,Master,Single,3566.0,7,Yes,3,No,2012-05-08,
4369,Jason Singleton,51.0,Male,Finance,Consultant,High School,Divorced,6695.0,0,Yes,1,No,,
9298,Krystal Williams,44.0,Male,R&D,Consultant,Phd,Married,9424.0,8,Yes,4,Yes,,
6771,Michelle Mccarthy,35.0,Male,Finance,Consultant,High School,Married,2683.0,14,Yes,4,No,,
5401,Ann Ball,20.0,Female,Hr,Executive,Phd,Single,3867.0,10,Yes,4,No,,
3490,Cynthia Nunez,51.0,Male,Finance,Technician,Bachelor,Married,8816.0,9,No,3,No,,
2702,Devin Stevenson,43.0,Female,R&D,Analyst,Bachelor,Single,12268.0,5,No,5,No,,
8200,Stephanie Ball,38.0,Male,Sales,Consultant,Master,Single,14095.0,11,Yes,2,No,,
7262,Lance Meza,42.0,Male,Sales,Consultant,Phd,Single,8861.0,0,No,1,Yes,,2019-09-14
6412,Jesse Gray,33.0,Female,Finance,Executive,Phd,Divorced,12456.0,5,No,4,No,2016-01-08,
2827,Stacey Parker,48.0,Female,It,Executive,Phd,Divorced,3718.0,11,Yes,5,No,,
7001,Jamie Williams,51.0,Male,Finance,Engineer,Bachelor,Married,5290.0,14,No,4,No,,
9532,Hayden Mcconnell,53.0,Male,It,Executive,Master,Divorced,14828.0,3,Yes,3,Yes,2013-03-10,
5676,Denise Craig,52.0,Male,R&D,Executive,Master,Married,9656.0,11,Yes,3,No,,
6459,Stefanie Brown,55.0,Male,R&D,Analyst,Bachelor,Single,13204.0,5,No,4,No,2021-07-03,
4541,Alexis Chandler,22.0,Male,Hr,Analyst,Bachelor,Divorced,3134.0,12,Yes,2,Yes,,
3426,Becky Mullen,32.0,Female,Sales,Consultant,Master,Divorced,7733.0,4,Yes,5,Yes,,
5937,Jennifer Chavez,58.0,Male,Sales,Manager,Master,Married,3422.0,13,No,4,No,,
9593,William Glover Jr.,52.0,Female,Hr,Analyst,Master,Single,3793.0,13,No,1,Yes,,
9117,Jennifer Hale,28.0,Male,Sales,Consultant,Phd,Married,11997.0,5,Yes,5,Yes,,
4345,Carl Jones,21.0,Female,Sales,Manager,Bachelor,Divorced,10398.0,13,No,1,No,,
3389,Terry Brown,51.0,Female,Hr,Engineer,Phd,Married,11859.0,12,Yes,1,Yes,,
3628,Jill Collins,57.0,Male,R&D,Manager,High School,Divorced,11285.0,9,No,2,Yes,2023-06-06,
9498,Brandon Navarro,22.0,Female,It,Consultant,High School,Single,6345.0,0,No,1,Yes,,
5310,Johnny Haney,40.0,Female,Hr,Technician,High School,Married,11254.0,6,No,4,No,,
2744,Daniel Graham,42.0,Male,R&D,Manager,High School,Divorced,5752.0,1,Yes,5,Yes,,
3036,Kimberly Martinez,59.0,Male,Finance,Manager,Master,Divorced,4876.0,7,Yes,1,No,,2027-07-25
5750,John Thompson,39.0,Female,Finance,Consultant,Master,Single,4387.0,3,No,1,No,,2026-07-09
7064,Sarah Adkins,26.0,Male,Finance,Manager,Master,Single,2662.0,11,Yes,4,No,,
6020,Stephanie Wilkinson,34.0,Female,It,Technician,High School,Married,3171.0,14,Yes,2,Yes,,
9173,James Gonzales,53.0,Female,R&D,Executive,High School,Divorced,8419.0,11,No,1,Yes,,
6106,Candice Jones,43.0,Male,Hr,Technician,High School,Married,3507.0,11,Yes,1,No,,
9229,Michael Jensen,25.0,Female,It,Executive,Phd,Single,13318.0,5,Yes,1,No,,
9720,Cathy Douglas,23.0,Male,Sales,Engineer,Bachelor,Divorced,8814.0,5,No,4,No,,
9682,Joshua Dennis,51.0,Female,R&D,Analyst,Master,Divorced,6219.0,1,No,5,Yes,,
5640,Denise Guzman,28.0,Male,Hr,Analyst,Master,Single,13502.0,14,Yes,2,Yes,,
9209,Christopher Ruiz,36.0,Male,Hr,Engineer,High School,Divorced,4133.0,0,Yes,4,No,,
9987,Jerry Sexton,42.0,Male,Finance,Executive,Master,Single,8814.0,4,Yes,4,No,,
5709,Katrina Smith,41.0,Male,Sales,Analyst,High School,Single,13164.0,8,Yes,2,No,,
8318,Jordan Barron,47.0,Male,It,Analyst,High School,Divorced,8283.0,13,Yes,2,Yes,,
7612,James Wheeler,55.0,Male,It,Technician,Bachelor,Married,3293.0,2,No,5,No,,
8967,Megan Marshall,29.0,Female,It,Executive,High School,Single,7257.0,8,No,2,Yes,,
4408,Frederick Lynch,35.0,Male,Finance,Engineer,Phd,Single,6566.0,12,Yes,4,Yes,,2031-01-31
4143,Julie Hernandez,47.0,Female,R&D,Technician,High School,Divorced,13672.0,7,Yes,2,Yes,,
2939,Carlos Price,25.0,Male,Hr,Consultant,High School,Single,11401.0,3,No,5,Yes,,
2693,Cynthia West,56.0,Male,Finance,Engineer,Phd,Divorced,12082.0,2,Yes,2,No,,
5946,Natalie Anderson,38.0,Female,R&D,Manager,High School,Single,6671.0,12,Yes,5,No,,
1861,Amanda Huerta,52.0,Female,It,Engineer,Master,Divorced,3669.0,6,Yes,5,No,,
1030,Amy Kennedy,45.0,Female,R&D,Executive,Phd,Married,3816.0,0,Yes,4,Yes,,
1022,Edward Reed,40.0,Male,It,Technician,Bachelor,Divorced,9782.0,7,No,3,Yes,,
4062,Joseph Daniels,45.0,Male,It,Technician,Phd,Divorced,9248.0,2,Yes,3,No,2012-06-01,
7253,Sara Lucas,46.0,Female,Hr,Manager,Master,Single,14924.0,11,No,2,No,,
7571,Jordan Butler,24.0,Male,It,Consultant,Master,Single,2589.0,7,Yes,1,Yes,,
2262,Michelle Mckenzie,41.0,Male,Hr,Engineer,High School,Married,11369.0,0,Yes,1,Yes,,
5780,Kerry Pollard,30.0,Male,R&D,Manager,Bachelor,Divorced,7298.0,11,Yes,5,Yes,2016-12-08,
6671,George Liu,38.0,Male,R&D,Executive,Bachelor,Single,13155.0,8,Yes,3,No,2019-03-12,
7641,Curtis Wyatt,23.0,Male,Sales,Manager,Master,Married,7024.0,13,Yes,2,No,,
5434,William Schroeder,44.0,Male,R&D,Manager,Master,Married,11069.0,13,No,1,No,,
4736,Nancy Ho,24.0,Female,Sales,Technician,Phd,Single,8126.0,8,Yes,2,No,,2023-12-29
2214,Robert Barnett,31.0,Male,Sales,Engineer,Phd,Married,7732.0,4,No,4,No,,
4427,Kevin Pacheco,28.0,Male,Finance,Engineer,Master,Single,4916.0,11,No,3,Yes,,
1015,Emily Price,22.0,Male,R&D,Analyst,Bachelor,Single,13182.0,8,No,5,No,2011-02-08,
2773,Michael Blanchard,25.0,Male,Finance,Executive,High School,Single,12667.0,13,No,1,Yes,,
8392,Renee Powell,46.0,Male,Sales,Executive,High School,Divorced,8814.0,9,Yes,2,No,,
4712,Rodney Wilson,45.0,Female,It,Analyst,High School,Divorced,10625.0,4,No,3,Yes,,
5217,Krystal Ward,23.0,Female,R&D,Technician,Master,Married,2645.0,13,No,5,Yes,,
6628,Jennifer Mccormick,40.0,Male,Finance,Executive,Bachelor,Divorced,8814.0,2,Yes,3,No,,
1738,Christian Burch,30.0,Female,R&D,Analyst,Master,Divorced,7152.0,2,No,3,No,,
3356,Patricia Rodriguez,21.0,Male,Finance,Engineer,Bachelor,Married,5349.0,14,Yes,3,No,,
5435,Michael Wong,51.0,Male,It,Manager,Master,Single,4824.0,2,Yes,1,No,,2016-05-07
6308,Vincent Stark,53.0,Male,Hr,Executive,Phd,Married,12493.0,2,Yes,2,No,,2020-06-09
5764,Amanda Perry,44.0,Female,Finance,Consultant,High School,Single,8250.0,14,Yes,4,Yes,,
1951,Lance Ramirez,30.0,Female,Sales,Analyst,Bachelor,Single,9144.0,4,Yes,1,No,,2025-04-15
3938,Brooke Stevens,45.0,Male,Hr,Consultant,Bachelor,Single,13249.0,4,No,2,Yes,,
7766,Tonya Gillespie,48.0,Male,Finance,Executive,Master,Single,6830.0,6,No,5,No,,2022-10-16
2177,Katie Underwood,36.0,Female,R&D,Analyst,Phd,Married,12848.0,14,Yes,2,No,,
9253,Isaac Carrillo,33.0,Male,Finance,Consultant,High School,Married,9055.0,1,Yes,2,Yes,,
3378,Allen Mitchell,55.0,Female,It,Analyst,Phd,Single,12770.0,12,No,4,Yes,,2028-11-06
7538,Lindsey Harris,37.0,Male,R&D,Manager,Master,Divorced,13127.0,6,Yes,2,No,,
8876,Darlene Blankenship,27.0,Female,It,Technician,Phd,Single,5854.0,2,Yes,4,No,,
5997,James Lloyd,55.0,Female,Finance,Manager,Phd,Married,5641.0,3,No,2,No,2024-12-05,
6498,Chelsea Bartlett,21.0,Male,It,Engineer,Phd,Divorced,8814.0,12,Yes,4,No,,
5009,Lisa Hamilton,21.0,Male,Hr,Executive,Bachelor,Single,7237.0,0,No,5,Yes,,
1449,Jacob Martin,34.0,Female,R&D,Engineer,Phd,Divorced,9732.0,4,No,2,Yes,,2027-09-13
5351,Nicholas Gutierrez,46.0,Male,R&D,Technician,High School,Divorced,3605.0,4,No,2,No,2025-09-05,2029-05-09
8470,Lydia Simmons,49.0,Female,Finance,Executive,High School,Married,8704.0,2,No,3,No,,
1306,Taylor Harmon,54.0,Female,R&D,Executive,High School,Married,8814.0,4,Yes,4,Yes,,
1736,Alexander Tapia,47.0,Female,Finance,Analyst,Master,Single,9522.0,0,Yes,5,No,,
1892,Stephanie Williams,43.0,Female,R&D,Technician,Master,Divorced,9174.0,3,Yes,4,Yes,,
7243,Amanda Sanchez,46.0,Male,Sales,Technician,Master,Divorced,9882.0,12,No,3,No,,
3122,Matthew Williams,57.0,Female,Finance,Engineer,Bachelor,Divorced,12773.0,3,Yes,1,No,,2021-03-30
6547,Pamela Lee,40.0,Male,Sales,Consultant,Phd,Married,14361.0,9,Yes,2,Yes,2021-06-11,
5549,Paula Olson,44.0,Female,R&D,Technician,Phd,Married,11166.0,11,Yes,2,No,,2023-12-06
9215,Tyler Scott,53.0,Male,Sales,Analyst,Phd,Single,8198.0,8,No,2,Yes,,
6986,Ashley Dalton,56.0,Male,Finance,Technician,High School,Married,5624.0,5,No,5,No,,
8792,Emily Pollard,43.0,Female,Sales,Consultant,High School,Single,14958.0,5,Yes,5,Yes,,
6113,Wendy Patterson,38.0,Female,Sales,Engineer,High School,Married,14899.0,8,Yes,1,No,,
4252,Christopher Patterson,47.0,Male,Sales,Consultant,Master,Single,11788.0,8,No,4,Yes,,
7303,Kevin Green,26.0,Female,Sales,Manager,High School,Single,5063.0,6,No,2,Yes,,
5404,Ashley Watson,59.0,Male,Hr,Analyst,Master,Divorced,9024.0,9,Yes,5,Yes,,
1399,Robert Reyes,31.0,Female,Finance,Technician,High School,Married,3554.0,3,No,3,No,,
6522,Jesus Bailey,40.0,Female,Finance,Technician,Phd,Married,10675.0,0,Yes,3,Yes,2016-04-11,
6049,Christopher Pierce,23.0,Female,Unknown,Technician,Phd,Single,13639.0,7,No,2,Yes,,
7894,Ashley Gibson,23.0,Female,Finance,Technician,Bachelor,Single,5664.0,9,No,3,Yes,2015-03-09,
1921,Jennifer Hancock,51.0,Male,R&D,Technician,Bachelor,Divorced,8519.0,0,Yes,3,No,,
4954,Christopher Romero,40.0,Male,R&D,Consultant,Bachelor,Single,7968.0,7,No,2,No,2019-06-03,2026-03-06
1705,Kyle Tucker,39.0,Male,Hr,Executive,Master,Married,4429.0,3,No,2,No,,
5162,Stanley Walker,40.0,Female,R&D,Consultant,Bachelor,Divorced,12458.0,1,Yes,5,Yes,,
2409,Michael Johnson,46.0,Female,Finance,Engineer,Bachelor,Divorced,14827.0,7,No,3,Yes,,
8920,Amy Lamb,27.0,Male,Sales,Executive,High School,Divorced,7150.0,13,No,4,Yes,,
2782,Richard Walker,21.0,Male,It,Manager,Master,Married,4908.0,6,Yes,1,No,2013-02-01,
2322,Toni Giles,45.0,Female,Hr,Manager,High School,Married,11495.0,4,No,4,No,,
9605,Tiffany Romero,37.0,Female,Hr,Technician,High School,Married,7890.0,11,No,2,Yes,,
3853,Mr. Sean Walters,32.0,Male,Finance,Executive,Master,Married,13018.0,11,Yes,5,Yes,2020-09-07,
2045,Joseph Brewer,46.0,Female,Finance,Consultant,Phd,Divorced,6913.0,7,Yes,4,Yes,2011-05-11,
6513,Amanda Smith,43.0,Female,Hr,Manager,Master,Married,7842.0,3,No,5,Yes,,2023-08-07
1784,Alan Williams,49.0,Male,Sales,Technician,High School,Single,3889.0,1,No,1,Yes,,2025-11-20
9615,Cindy Meyer,45.0,Male,Finance,Engineer,High School,Divorced,7116.0,8,No,4,Yes,2021-06-11,
6697,Mitchell Jones,20.0,Female,R&D,Technician,Master,Single,3865.0,7,No,5,No,2011-05-04,
7332,Anna Robinson,49.0,Female,Sales,Manager,High School,Divorced,8642.0,2,No,3,Yes,,
1019,Erica Nunez,37.0,Female,Finance,Engineer,Master,Single,12103.0,10,No,4,No,,
3086,Breanna Beasley,46.0,Female,Sales,Consultant,Phd,Married,6201.0,13,No,2,Yes,,
2554,Heather Nelson,58.0,Male,Finance,Executive,Phd,Married,10470.0,8,Yes,1,Yes,,
2070,James Powell,38.0,Male,Finance,Engineer,Phd,Single,10183.0,12,Yes,2,No,2010-11-12,
6474,Sydney Mcgee,22.0,Male,Hr,Executive,Phd,Divorced,10838.0,9,Yes,5,No,,
8891,Daniel Moore,54.0,Female,Hr,Manager,Master,Married,11097.0,5,Yes,2,No,,
8281,Michelle Mccoy,49.0,Male,Sales,Manager,Bachelor,Married,6509.0,14,Yes,1,No,,
8481,Eric West,26.0,Male,Sales,Engineer,High School,Divorced,14481.0,3,Yes,5,Yes,,
9799,Steven Johnson,53.0,Female,Finance,Manager,High School,Single,3276.0,9,No,2,No,,
5347,Alyssa Marshall,23.0,Male,Finance,Executive,Phd,Married,7843.0,0,Yes,4,Yes,,
2425,Angela Gibbs,59.0,Male,Hr,Technician,Phd,Married,4374.0,1,No,3,No,,2014-06-09
3298,Andrea Garner,25.0,Female,It,Manager,Master,Single,3119.0,14,Yes,2,No,,
8373,Bradley Holmes,20.0,Male,Sales,Engineer,Bachelor,Married,7563.0,3,Yes,4,Yes,,
3437,Jeffrey Foster,47.0,Female,It,Consultant,Phd,Married,11587.0,1,Yes,1,Yes,,2013-12-04
2436,Brooke Marks,28.0,Female,It,Manager,High School,Divorced,14827.0,9,No,4,No,,2032-01-23
7446,Christopher Stephens,30.0,Male,It,Analyst,High School,Single,14301.0,2,No,5,No,,
3424,Nicole Perez,55.0,Male,R&D,Consultant,High School,Single,9046.0,11,Yes,5,No,,
8595,Thomas Brown PhD,59.0,Female,Hr,Manager,Bachelor,Divorced,10486.0,5,Yes,4,No,,
4796,Brandon Mccarthy,45.0,Male,R&D,Executive,Phd,Single,14546.0,2,No,1,No,,
6041,Travis Atkinson,34.0,Male,Finance,Manager,Bachelor,Divorced,6633.0,11,Yes,1,Yes,,
6467,Sharon Reyes PhD,33.0,Male,R&D,Consultant,Bachelor,Divorced,3174.0,3,Yes,2,Yes,,2025-04-30
4141,Pamela Wagner,58.0,Male,R&D,Analyst,Phd,Single,11942.0,3,Yes,1,No,,
7764,Kathryn Williams,30.0,Male,Sales,Engineer,High School,Single,12202.0,4,No,1,No,,
2107,Kenneth Riggs,40.0,Female,It,Manager,Master,Single,12665.0,12,Yes,1,No,,
4625,Nicole Hill,48.0,Female,Sales,Analyst,Master,Single,6700.0,1,Yes,2,No,,
3594,Jeffrey Jones,21.0,Male,Sales,Executive,High School,Single,4129.0,10,Yes,5,Yes,,
8939,Leah Miller,55.0,Male,Hr,Analyst,Phd,Married,8814.0,11,No,3,Yes,,
4009,Julie Lamb,24.0,Female,Finance,Analyst,High School,Divorced,10745.0,4,Yes,3,No,2015-04-01,
4629,Alexandra Smith,57.0,Female,R&D,Analyst,Phd,Married,6375.0,4,Yes,3,Yes,,
9030,Christopher Kennedy,27.0,Male,Finance,Manager,Bachelor,Divorced,5245.0,9,No,5,Yes,,
5443,Sarah Larson,39.0,Female,It,Consultant,High School,Divorced,13723.0,0,No,3,No,,
2999,Melinda Nguyen,46.0,Female,Sales,Executive,High School,Married,10504.0,14,No,3,No,,
1899,Benjamin Hines,54.0,Female,R&D,Engineer,High School,Single,10833.0,12,No,4,No,,
4416,Melissa Williams,22.0,Male,R&D,Engineer,Master,Married,7626.0,9,Yes,2,No,2020-11-10,
7907,Matthew West,20.0,Male,Finance,Analyst,High School,Divorced,14612.0,14,Yes,5,Yes,,
2125,David Parks,40.0,Female,Sales,Analyst,High School,Divorced,5317.0,1,Yes,3,No,,2015-12-31
9805,Justin Clark II,36.0,Male,Hr,Engineer,Bachelor,Divorced,10694.0,1,Yes,2,No,,
2601,John Sanchez,41.0,Male,Sales,Engineer,Bachelor,Divorced,10443.0,3,Yes,4,No,,
9279,Ashley Patel,40.0,Male,Hr,Analyst,Phd,Single,14589.0,3,No,5,No,,
9373,Dean Norris,26.0,Female,R&D,Analyst,Bachelor,Single,12316.0,13,No,3,No,,
7735,Nancy Moyer,54.0,Female,Sales,Consultant,Master,Single,7543.0,3,Yes,1,Yes,,
8301,Kyle Walker,43.0,Male,It,Analyst,High School,Divorced,11567.0,13,Yes,2,No,,
3727,Charles Lynch,52.0,Male,It,Engineer,Phd,Single,7552.0,0,No,2,No,,
3009,Richard Mills,58.0,Female,It,Manager,Bachelor,Married,7988.0,8,Yes,1,Yes,,
1857,Jose Roth,41.0,Female,It,Executive,Phd,Divorced,8274.0,13,No,5,No,,
9096,Brandon Price,23.0,Male,Hr,Engineer,Phd,Single,2640.0,14,No,3,No,2024-02-03,
2353,Margaret Combs,50.0,Female,Hr,Analyst,High School,Married,5055.0,12,Yes,2,Yes,,
3508,Amy Stewart,34.0,Male,R&D,Executive,Bachelor,Divorced,7615.0,7,Yes,4,Yes,2016-06-10,
2879,Kimberly Nicholson,25.0,Male,R&D,Executive,Master,Divorced,4603.0,11,No,2,Yes,,
4309,Dana Washington,54.0,Male,It,Executive,Master,Single,8736.0,9,No,1,Yes,,
8754,Kimberly Ramsey MD,48.0,Male,Finance,Analyst,Bachelor,Married,8814.0,2,Yes,2,No,,
2038,Samantha Gallegos,20.0,Male,Sales,Engineer,Phd,Single,11802.0,8,Yes,1,Yes,,
5965,Mark Fleming,40.0,Female,R&D,Engineer,Phd,Single,5956.0,8,Yes,1,No,,
4716,Randall Fowler,37.0,Male,Sales,Engineer,Bachelor,Married,13041.0,5,Yes,5,No,,
3355,Evan Robinson,46.0,Male,Hr,Engineer,Master,Single,4954.0,10,No,1,No,,
4704,Maureen Harris,26.0,Male,It,Executive,High School,Married,13626.0,12,No,2,No,,
5587,Jacob Glover,57.0,Female,R&D,Engineer,High School,Married,13882.0,1,Yes,2,Yes,,
3294,Nicholas Figueroa,31.0,Female,Sales,Executive,High School,Single,8814.0,10,No,2,No,2015-12-10,
8141,Nicholas Arnold,43.0,Male,Sales,Executive,High School,Married,14136.0,10,Yes,5,No,,
3504,Tara Bush,44.0,Female,It,Technician,High School,Divorced,8788.0,9,Yes,1,Yes,,
2864,Jeffrey Saunders,48.0,Male,R&D,Analyst,High School,Single,4620.0,10,No,1,Yes,,
2061,Raymond Brown,24.0,Male,Finance,Engineer,Phd,Single,14719.0,0,Yes,5,Yes,,2010-11-20
6420,Bradley Walker,21.0,Male,It,Technician,High School,Single,3997.0,1,Yes,4,No,2018-09-05,
2300,Lisa Brown,47.0,Female,Sales,Executive,Bachelor,Married,7916.0,7,Yes,3,No,2014-11-05,
6683,William Hicks,57.0,Female,Sales,Executive,Bachelor,Divorced,13666.0,9,Yes,2,Yes,,
4638,Scott Johnson,32.0,Female,Hr,Engineer,Master,Single,14729.0,3,Yes,2,Yes,,
1200,Haley Rhodes,28.0,Female,Sales,Executive,Phd,Single,9417.0,5,Yes,3,No,2012-04-06,
2104,Kelly Greene,32.0,Male,Sales,Engineer,High School,Married,8814.0,0,No,4,No,,
7605,Laura West,53.0,Female,Hr,Executive,Master,Married,7219.0,3,Yes,4,Yes,,
9476,Katherine Freeman,35.0,Female,Hr,Manager,Bachelor,Single,3386.0,12,Yes,2,No,,
9470,James Miller,47.0,Male,Sales,Executive,High School,Single,8814.0,2,Yes,5,Yes,,
8987,Samantha Nelson,36.0,Female,R&D,Consultant,Master,Married,8814.0,4,Yes,5,No,,
9437,Adam Bryant,48.0,Male,Sales,Analyst,Phd,Single,7058.0,1,No,4,No,,2012-09-18
2037,Christian Ponce,39.0,Male,It,Consultant,High School,Divorced,14204.0,2,No,5,No,,
2623,Robert Carroll,33.0,Female,Sales,Executive,High School,Married,12445.0,1,Yes,4,Yes,,2022-07-30
6970,Drew King,38.0,Female,Hr,Manager,High School,Divorced,12738.0,3,Yes,2,Yes,,
1949,Dr. Elijah Garcia,57.0,Female,Hr,Technician,Master,Single,8814.0,12,Yes,2,Yes,2013-07-04,
3926,Colin Wilson,22.0,Female,It,Engineer,Master,Single,6747.0,2,No,5,Yes,,
9932,Bryan Murray,40.0,Male,Sales,Engineer,Bachelor,Married,7603.0,5,Yes,4,Yes,,2016-06-03
2420,Kathleen Fisher,29.0,Female,Finance,Executive,High School,Divorced,14288.0,11,No,1,No,,
8333,Priscilla Shepherd,52.0,Female,Finance,Manager,Bachelor,Married,4841.0,12,No,5,Yes,,
4126,Laura Dixon,23.0,Male,R&D,Technician,High School,Married,9840.0,14,No,3,Yes,,2026-11-29
2555,Todd Fisher,50.0,Female,It,Analyst,Phd,Divorced,10061.0,9,Yes,4,No,,
2213,Karen Scott,34.0,Male,Sales,Technician,Bachelor,Single,5261.0,2,Yes,1,Yes,,
3554,Tyler King,42.0,Female,Finance,Consultant,Bachelor,Single,3650.0,9,Yes,2,No,,
4766,Mario Fields,44.0,Female,It,Engineer,Master,Divorced,8254.0,3,Yes,4,No,,
4740,Erin Medina,42.0,Male,It,Executive,Phd,Divorced,11331.0,6,Yes,3,Yes,,
1385,Sara Hayes,22.0,Male,Sales,Executive,Bachelor,Single,5908.0,3,Yes,1,Yes,,
1457,John White,42.0,Male,Sales,Engineer,Bachelor,Single,12283.0,7,Yes,2,No,,
8946,Jeanette Walters,26.0,Male,It,Technician,Bachelor,Single,2958.0,3,No,3,No,,
6092,Amber Lawson,59.0,Male,Finance,Consultant,High School,Divorced,11301.0,10,Yes,1,Yes,,
4049,Carolyn Wolf DVM,33.0,Male,Hr,Manager,Master,Divorced,8615.0,8,Yes,2,Yes,,
5561,Michael Peterson,41.0,Male,Hr,Analyst,Phd,Married,11101.0,5,No,5,Yes,2022-05-09,
4924,Mrs. Valerie Baxter,47.0,Male,Finance,Manager,High School,Single,9678.0,9,No,5,No,,2022-05-26
2313,Paula Rose,23.0,Female,R&D,Analyst,Phd,Married,5145.0,0,Yes,4,Yes,,
9598,Tonya Reynolds,59.0,Female,It,Manager,Phd,Single,9129.0,1,No,5,Yes,,
8064,Ashley Hughes,58.0,Female,It,Consultant,High School,Divorced,4470.0,2,Yes,3,No,,
9904,Kimberly Thomas,37.0,Female,It,Manager,Phd,Single,4316.0,2,Yes,5,Yes,,
7235,Adrienne Dalton,41.0,Female,It,Consultant,Bachelor,Married,2890.0,4,No,3,Yes,2020-06-03,2024-03-06
1354,Rebecca Lynch,39.0,Female,Sales,Technician,High School,Divorced,5134.0,4,Yes,3,No,,
5254,Trevor Barnes,58.0,Male,Finance,Technician,Master,Single,5773.0,3,No,3,No,,
4275,Sophia Bender,46.0,Female,R&D,Technician,Bachelor,Divorced,8814.0,4,Yes,4,No,,
5065,Christopher Lyons,24.0,Male,R&D,Engineer,Master,Divorced,12809.0,8,Yes,1,Yes,2015-07-02,
8765,Nancy Hubbard,39.0,Male,Finance,Engineer,Bachelor,Single,3302.0,14,Yes,1,No,2024-07-04,
4873,Julian Herrera,26.0,Female,Finance,Manager,Phd,Single,3217.0,2,Yes,2,Yes,,
5232,Briana Yates,59.0,Female,Hr,Technician,Phd,Single,3096.0,0,No,2,No,,
8015,Briana Hines,39.0,Male,Sales,Analyst,High School,Married,9119.0,9,No,2,No,,
6692,William Shelton,40.0,Male,Sales,Executive,Master,Divorced,4233.0,5,No,4,No,,2025-04-29
4762,Clarence Jimenez,26.0,Female,R&D,Manager,High School,Single,10892.0,11,Yes,5,Yes,2022-11-02,
5504,Tanya Greene,40.0,Female,Finance,Executive,Bachelor,Single,3195.0,7,No,5,No,,
2610,Darrell Hampton,40.0,Female,Finance,Analyst,Master,Divorced,12333.0,5,No,4,Yes,,
8519,Justin Monroe,52.0,Female,Finance,Technician,Phd,Single,12379.0,6,No,3,Yes,,
7144,Larry Hodge,21.0,Female,R&D,Consultant,Master,Married,7943.0,1,No,4,No,,
5472,Kimberly White,40.0,Female,R&D,Engineer,Master,Married,12390.0,0,Yes,4,Yes,,
2836,Jeffrey Price,51.0,Female,It,Executive,High School,Single,8547.0,1,Yes,5,Yes,2025-05-10,
6258,Ashley Taylor,39.0,Male,Hr,Executive,Bachelor,Married,3228.0,13,Yes,2,No,,
6743,Douglas Harrison,50.0,Female,It,Executive,Master,Divorced,9495.0,6,No,5,Yes,,2023-04-10
7363,Scott Marsh,53.0,Male,Sales,Consultant,Bachelor,Single,8131.0,9,Yes,3,No,,
7268,Heather Morales,28.0,Male,Finance,Consultant,Master,Single,14966.0,7,Yes,4,Yes,,
2327,Darren Foster,43.0,Female,Sales,Technician,Bachelor,Divorced,8814.0,14,Yes,4,Yes,,
3680,Kimberly Conway,40.0,Male,Finance,Manager,Master,Single,11299.0,12,Yes,4,Yes,,
8759,Michelle Knight,31.0,Female,Hr,Analyst,Master,Married,14184.0,5,Yes,2,Yes,,
4832,Cheryl Moore,37.0,Female,Hr,Engineer,Master,Single,5726.0,10,No,5,Yes,,2029-09-20
5611,Taylor Burton,55.0,Male,Finance,Executive,Bachelor,Married,6786.0,9,Yes,2,Yes,,
4694,Nicole Tyler,56.0,Male,Sales,Technician,Master,Single,5939.0,8,No,1,No,,
3581,David Blake,28.0,Male,Hr,Analyst,Master,Divorced,4968.0,11,Yes,2,No,,
5464,Robin Williams,36.0,Male,Hr,Manager,Phd,Married,5441.0,6,Yes,2,Yes,,
2210,Daniel Soto,23.0,Female,Hr,Manager,Bachelor,Married,8814.0,8,Yes,4,Yes,2012-07-04,
1902,Mrs. Danielle Evans,57.0,Female,Hr,Engineer,Phd,Divorced,8852.0,5,Yes,4,No,,
4645,Margaret Cervantes,27.0,Female,Sales,Executive,Bachelor,Married,9721.0,14,No,3,No,,
8423,Robert Pennington,36.0,Female,Sales,Analyst,Bachelor,Divorced,13114.0,7,Yes,4,Yes,2023-04-01,
5812,Christine Kelly,56.0,Male,Hr,Manager,High School,Single,8814.0,3,Yes,4,Yes,,
8625,David Williams,20.0,Male,It,Manager,Bachelor,Married,10610.0,2,No,3,Yes,,
1135,Amanda Rose,24.0,Male,Hr,Analyst,High School,Single,8528.0,8,Yes,1,No,2017-10-04,
4638,Scott Johnson,32.0,Female,Hr,Engineer,Master,Single,14729.0,3,Yes,2,Yes,,
5257,Drew Lee,54.0,Male,Sales,Manager,High School,Single,7369.0,3,No,5,No,,2018-04-01
9297,Justin Benton,30.0,Female,Hr,Analyst,High School,Married,6288.0,7,Yes,4,Yes,2020-09-08,
9130,Spencer Watson,37.0,Female,R&D,Analyst,Bachelor,Married,8156.0,3,No,1,No,,2027-12-21
2411,Michael Johnson,51.0,Female,Finance,Manager,Bachelor,Single,6617.0,1,Yes,3,Yes,2024-07-03,
2448,Susan Kennedy,49.0,Male,Finance,Analyst,Phd,Divorced,12374.0,12,No,1,No,,
4147,Julia Hendricks,29.0,Female,R&D,Technician,Bachelor,Divorced,14280.0,0,No,2,Yes,,
6245,Ralph Obrien,24.0,Female,It,Analyst,Phd,Single,2586.0,8,No,4,Yes,,
4511,Julie Olson,40.0,Female,It,Executive,High School,Divorced,4500.0,6,Yes,1,Yes,,
8147,Kathleen Spears,22.0,Male,Hr,Executive,Bachelor,Married,6768.0,6,No,4,Yes,,
3254,Raymond Diaz,47.0,Male,It,Consultant,High School,Married,12734.0,6,Yes,5,Yes,,
1567,Jason Clark,49.0,Male,Finance,Consultant,Phd,Divorced,6235.0,10,Yes,1,Yes,2016-12-07,
6246,Thomas Coleman,52.0,Female,Unknown,Analyst,Master,Married,13378.0,13,Yes,5,No,2012-12-02,
8632,William Blake,31.0,Female,It,Engineer,Bachelor,Divorced,6366.0,9,No,4,Yes,,
6198,Stephanie Singh,25.0,Male,R&D,Manager,Master,Married,6312.0,7,Yes,4,No,,2027-12-28
4939,Theresa Knight,51.0,Male,R&D,Executive,Bachelor,Single,14321.0,12,No,5,No,,
8282,Matthew Henry,26.0,Male,Sales,Executive,Phd,Single,3573.0,0,Yes,2,No,,
4678,Nicholas Black,50.0,Male,Hr,Executive,Master,Single,10857.0,14,No,2,No,,
5453,Jo Cardenas,40.0,Male,R&D,Analyst,Bachelor,Single,4147.0,12,Yes,5,Yes,,
5110,Mr. Larry Jacobson MD,54.0,Male,R&D,Analyst,Phd,Married,5824.0,13,No,1,Yes,,2027-01-14
8468,Parker Graves,30.0,Male,R&D,Technician,Bachelor,Single,6393.0,5,No,5,Yes,,
7938,Dr. Margaret Pena,34.0,Female,Hr,Executive,High School,Divorced,3031.0,12,Yes,5,Yes,,
6925,Ricardo Shepard,27.0,Male,Unknown,Engineer,High School,Single,9897.0,4,Yes,2,Yes,,2017-10-23
2644,Jennifer Bonilla,52.0,Female,R&D,Technician,Bachelor,Single,12727.0,12,Yes,2,Yes,2017-02-07,
3540,Jeremy Williams,23.0,Female,Hr,Engineer,Phd,Divorced,3100.0,13,Yes,3,No,,
3818,Derrick Marshall,20.0,Male,It,Executive,Master,Divorced,4127.0,2,No,5,Yes,,
4518,Cathy Wilson,39.0,Female,Sales,Engineer,Master,Single,10945.0,7,No,3,No,,
7619,Christian Werner,41.0,Female,Finance,Engineer,High School,Single,6646.0,6,Yes,5,No,,
5647,Tamara Zhang,42.0,Male,Hr,Manager,Phd,Divorced,8814.0,0,No,4,Yes,,
3429,David Kim,48.0,Female,Finance,Engineer,High School,Single,14842.0,7,No,3,No,,
7841,Jacqueline Hunt,29.0,Male,Finance,Executive,Bachelor,Divorced,4597.0,4,Yes,3,No,,
6578,Vicki Robinson,27.0,Male,R&D,Manager,Phd,Married,13808.0,8,No,5,No,2017-05-06,
2906,John Hernandez,41.0,Female,Finance,Executive,High School,Single,12407.0,9,Yes,2,Yes,,2030-06-15
2643,Margaret Wade,56.0,Male,Finance,Technician,Phd,Married,9641.0,0,No,5,Yes,2013-03-07,
4382,Mr. Johnathan Patterson MD,29.0,Female,R&D,Engineer,High School,Single,14183.0,0,No,2,Yes,2011-12-02,
1388,Michelle Park,20.0,Male,It,Manager,High School,Single,8814.0,1,No,2,Yes,,
2695,Stephen Blevins,57.0,Male,Sales,Consultant,High School,Married,7166.0,7,No,1,Yes,,2019-05-18
7397,Jacob Marquez,40.0,Female,It,Executive,Phd,Married,3853.0,6,Yes,5,No,,
7749,Joshua Wilson,26.0,Female,It,Executive,Phd,Single,6925.0,1,No,5,Yes,,2023-12-23
2841,Marc Brooks,40.0,Female,Sales,Technician,Master,Married,9146.0,0,Yes,1,No,,
6531,Dr. Leslie Day PhD,22.0,Female,Hr,Consultant,High School,Divorced,14389.0,13,No,3,No,2020-04-11,
8921,Jessica Olson,55.0,Male,Finance,Analyst,Phd,Single,12373.0,9,Yes,4,No,,
5947,Mary Fowler,54.0,Female,It,Consultant,Master,Divorced,8392.0,2,No,3,Yes,,
2650,Dylan Gibson,37.0,Male,R&D,Engineer,Phd,Single,7604.0,3,Yes,2,Yes,,
8897,Alex Santos,36.0,Female,R&D,Manager,Bachelor,Single,7091.0,5,Yes,3,Yes,,2027-01-13
4563,Jessica Wolfe,51.0,Male,Hr,Manager,Bachelor,Married,6483.0,12,No,5,No,,2032-09-14
4193,Danielle Vaughn,41.0,Male,Sales,Analyst,Phd,Divorced,8415.0,6,No,4,No,,
1062,Nicholas Huynh,28.0,Female,Finance,Manager,Phd,Married,8814.0,7,Yes,4,No,,
6283,Anthony Scott,55.0,Male,Hr,Analyst,Phd,Single,3228.0,7,Yes,1,Yes,,
9880,Jeffery Kline,46.0,Female,R&D,Executive,High School,Married,13229.0,1,Yes,5,Yes,,
3675,Adam Petersen,29.0,Male,Hr,Technician,Bachelor,Single,7112.0,1,Yes,2,Yes,,
1870,Laura Hill,52.0,Female,R&D,Executive,Bachelor,Married,8820.0,7,Yes,5,Yes,,
9392,Wendy Brooks,41.0,Female,It,Consultant,Phd,Married,8896.0,11,No,2,No,2014-11-11,
2058,Stephanie Phillips,22.0,Female,R&D,Technician,Phd,Married,9794.0,14,Yes,2,No,,
7708,Christopher Jones,20.0,Male,Hr,Analyst,Bachelor,Married,4693.0,0,Yes,3,No,,
8673,Robin Levy,54.0,Male,Finance,Manager,Bachelor,Single,13429.0,0,No,1,No,,
1469,Dennis Byrd,39.0,Male,Sales,Analyst,Master,Married,7929.0,7,No,4,No,,2024-05-17
6401,Elaine Crawford,43.0,Female,It,Consultant,Bachelor,Single,2864.0,13,Yes,3,Yes,,
2239,Antonio Perez,20.0,Male,It,Analyst,Bachelor,Single,4448.0,9,No,3,No,,
7859,Donald Shelton,39.0,Female,R&D,Manager,Phd,Divorced,8814.0,9,No,4,Yes,,2033-09-28
9923,Pamela Anderson,46.0,Male,Finance,Manager,Bachelor,Married,8814.0,14,Yes,3,Yes,,2028-02-05
6816,Kellie Murray,55.0,Female,R&D,Technician,Master,Single,6500.0,10,No,3,No,,2027-06-18
9896,Taylor Romero,23.0,Male,Hr,Executive,Master,Single,9064.0,6,Yes,5,Yes,2012-06-10,2018-10-06
7250,Adrian Barnes,22.0,Male,Hr,Technician,High School,Married,8531.0,5,No,3,No,,
7111,Joshua Houston,23.0,Female,It,Consultant,Bachelor,Divorced,8126.0,7,Yes,5,Yes,,
3600,Taylor Nichols,23.0,Female,Hr,Analyst,Master,Divorced,12502.0,9,Yes,3,Yes,2014-06-03,2023-03-06
6784,Douglas Graham,38.0,Male,Sales,Manager,Master,Divorced,10456.0,1,No,5,No,,
6451,Paul Woods,42.0,Male,Hr,Technician,Master,Divorced,10095.0,7,Yes,3,No,,
2321,Holly Howard,51.0,Male,Sales,Engineer,High School,Divorced,13245.0,0,Yes,3,No,,
2791,Denise Nolan,47.0,Male,Sales,Executive,Master,Single,14255.0,14,Yes,5,No,2013-08-03,
2680,Tina Martin,58.0,Female,Finance,Consultant,Phd,Single,8377.0,3,Yes,2,No,2016-12-12,
5326,Carmen Kelly,48.0,Male,Hr,Engineer,Master,Married,5118.0,11,Yes,2,Yes,,
8641,Wendy Johnson,33.0,Female,Finance,Executive,Master,Divorced,8814.0,6,No,3,Yes,,
2992,Richard Wells,29.0,Male,Finance,Technician,Bachelor,Married,14177.0,9,No,4,No,,
8328,Elizabeth Jimenez,52.0,Male,It,Analyst,High School,Divorced,13427.0,0,No,5,Yes,,
9963,Taylor White,29.0,Male,R&D,Analyst,Bachelor,Single,3606.0,6,Yes,3,No,,
9031,Alyssa Silva,52.0,Female,Sales,Manager,High School,Divorced,8814.0,11,Yes,1,No,,
9553,Angela Wright,45.0,Female,R&D,Executive,Phd,Divorced,8805.0,4,No,5,No,,
8152,Donna Jenkins,50.0,Male,R&D,Consultant,High School,Single,9115.0,11,Yes,4,Yes,,
1721,Beth Oconnor DDS,21.0,Female,Hr,Manager,Master,Divorced,4342.0,9,Yes,3,Yes,,
7159,Laura Butler,40.0,Female,Sales,Manager,Phd,Married,4499.0,13,No,1,Yes,,
7697,Donald Patterson,38.0,Female,Hr,Technician,High School,Single,14218.0,5,No,3,No,2018-01-08,
7879,Isabel Archer,49.0,Male,Sales,Manager,Phd,Married,12019.0,1,No,1,Yes,,2015-06-29
1575,Richard Howard,59.0,Female,Sales,Manager,Phd,Married,14298.0,14,Yes,1,No,,
4480,Thomas Thompson,39.0,Male,Finance,Consultant,Bachelor,Married,6201.0,0,No,3,No,,
4648,Johnny Salazar,25.0,Female,Finance,Consultant,Bachelor,Married,13910.0,0,Yes,3,Yes,,
4934,Jonathan Farmer MD,40.0,Female,Hr,Analyst,Master,Single,11708.0,8,No,4,Yes,2017-07-01,
1138,Kyle Flores,39.0,Female,Hr,Engineer,Master,Divorced,6240.0,5,No,2,No,,
5324,Michael Thomas,44.0,Female,It,Manager,Master,Married,3323.0,8,Yes,2,No,2011-09-08,
8020,Francisco Johnston,25.0,Female,Hr,Engineer,Master,Married,10044.0,5,No,4,Yes,,
5353,Holly Jackson,51.0,Female,Hr,Technician,High School,Married,9128.0,9,No,4,Yes,,2024-02-28
1782,Cindy West,45.0,Female,Sales,Consultant,Bachelor,Divorced,7476.0,11,Yes,1,No,2013-01-06,
1453,Malik Pittman,39.0,Female,R&D,Technician,High School,Divorced,12367.0,10,No,2,No,,
5473,Emma Taylor,31.0,Male,It,Manager,Phd,Divorced,13628.0,0,Yes,1,No,,
1157,Jennifer Miller,35.0,Male,Sales,Engineer,Phd,Divorced,4469.0,13,Yes,3,No,,
5745,Bradley Bentley,38.0,Male,R&D,Executive,High School,Single,6138.0,8,No,1,No,,
1641,William Farrell,42.0,Male,It,Manager,Phd,Single,2859.0,14,No,1,No,2018-11-05,
3832,Stephanie Willis,33.0,Male,Sales,Manager,Master,Married,7229.0,2,Yes,4,No,,2026-10-20
1739,Desiree Jones,52.0,Male,Hr,Engineer,High School,Single,13186.0,7,No,1,No,,2019-11-21
4436,Kevin Frank,40.0,Female,Finance,Technician,Master,Married,13017.0,11,No,1,Yes,,
8312,Mr. Paul Hernandez,52.0,Female,Hr,Executive,Bachelor,Divorced,4133.0,12,Yes,1,No,,
6469,Tony Wilson,51.0,Male,Sales,Engineer,Phd,Single,13569.0,8,Yes,4,Yes,,
9203,Susan Flores,37.0,Male,It,Engineer,Bachelor,Married,4853.0,9,Yes,5,Yes,2015-08-12,
3386,Kevin Kennedy,49.0,Female,Hr,Manager,High School,Single,7012.0,3,Yes,1,Yes,,
8811,Emily Brown,51.0,Male,Finance,Technician,Phd,Married,14782.0,4,No,5,Yes,,
6393,Betty Clark,32.0,Male,Hr,Technician,Phd,Divorced,8856.0,0,No,5,No,,
4049,Carolyn Wolf DVM,33.0,Male,Hr,Manager,Master,Divorced,8615.0,8,Yes,2,Yes,,2022-04-16
5961,Steve Cline,58.0,Male,Finance,Manager,Bachelor,Single,8814.0,9,No,2,No,2022-10-09,2031-09-10
3973,Alan Gross,33.0,Female,Hr,Technician,Master,Single,9852.0,10,Yes,4,No,,
8890,Eric Fisher,43.0,Male,Finance,Consultant,Master,Married,10504.0,5,No,4,No,,
2433,Ashley Reed,27.0,Male,It,Analyst,Bachelor,Divorced,12491.0,6,Yes,2,Yes,,
7710,William Chung,41.0,Male,Hr,Consultant,Bachelor,Single,2665.0,2,Yes,3,Yes,2014-09-02,
3486,Elizabeth Ross,24.0,Female,It,Engineer,Master,Married,9830.0,14,No,1,No,2011-10-05,
2226,Paula Thomas,57.0,Male,It,Technician,Phd,Married,5762.0,10,No,1,No,,
6054,Charles Simpson,58.0,Female,Sales,Executive,High School,Divorced,4794.0,13,No,3,No,,
4420,Daniel Lambert,58.0,Male,Sales,Manager,Phd,Married,7431.0,10,Yes,1,No,,2024-06-20
3947,Heather Burgess,34.0,Male,Finance,Manager,High School,Married,8594.0,14,No,3,Yes,,
9133,Bonnie Horton,40.0,Female,It,Analyst,Bachelor,Married,13681.0,12,No,1,No,,
6989,Samantha Gutierrez,42.0,Female,R&D,Engineer,Master,Single,2666.0,14,No,3,No,,2028-03-18
9527,Leslie Schroeder,44.0,Male,Hr,Consultant,Phd,Single,3269.0,8,Yes,1,No,2021-01-11,
2991,Marissa Friedman,53.0,Female,Hr,Executive,Master,Married,8118.0,1,Yes,4,Yes,,
1654,James White DDS,29.0,Male,Sales,Executive,Phd,Single,8814.0,6,No,1,Yes,2016-10-07,2022-07-10
9365,Hunter Cox,23.0,Female,R&D,Technician,Bachelor,Divorced,8179.0,0,Yes,3,No,2022-05-12,
3663,Cameron Shea,30.0,Male,R&D,Analyst,High School,Married,7756.0,7,No,4,No,,2031-03-15
2198,Randall Roach,31.0,Female,It,Manager,High School,Single,12441.0,7,Yes,3,No,,
8655,Rachel Patton,27.0,Female,Finance,Technician,Master,Married,9968.0,0,Yes,1,No,,2020-10-19
6739,Timothy Moore,59.0,Male,Sales,Engineer,Bachelor,Divorced,11055.0,3,No,4,Yes,,2024-04-21
7411,Keith Savage,26.0,Female,Finance,Technician,Master,Married,9970.0,2,No,4,Yes,,
1334,Tyler Harris,49.0,Female,Sales,Technician,High School,Married,11810.0,2,No,2,No,,2021-04-16
7074,Miranda Harper,28.0,Female,R&D,Executive,Master,Divorced,8814.0,13,Yes,4,Yes,,
4633,Zachary Hudson,33.0,Male,Hr,Executive,Bachelor,Married,13488.0,6,No,4,Yes,,
4052,Ronald Lawrence,29.0,Female,Hr,Executive,High School,Divorced,6956.0,1,No,5,Yes,2019-11-01,
9289,Shannon Walker,57.0,Male,Sales,Manager,Bachelor,Single,14386.0,9,Yes,3,No,,
1954,Andrew Frye,36.0,Male,R&D,Consultant,High School,Married,14543.0,5,No,2,No,,
5293,Cynthia Branch,39.0,Male,It,Consultant,High School,Married,13200.0,0,No,2,Yes,,
7712,Emily Porter,57.0,Female,R&D,Engineer,Master,Divorced,8528.0,5,No,1,No,,2022-08-17
5268,Olivia Morrow,59.0,Female,It,Executive,Phd,Married,12750.0,10,No,4,No,,
3000,Pamela Barnes,48.0,Male,Sales,Technician,High School,Married,14068.0,13,No,1,Yes,,
5825,James Cobb,28.0,Female,Hr,Technician,High School,Married,10934.0,6,Yes,1,Yes,,
3125,Terry Hicks,40.0,Female,Sales,Consultant,Bachelor,Divorced,2749.0,6,Yes,5,No,,
8040,Matthew Washington,48.0,Female,Sales,Technician,High School,Married,10019.0,7,No,4,No,,
6364,Seth Burgess,27.0,Female,R&D,Consultant,High School,Divorced,10438.0,2,Yes,5,No,,
2774,Katherine Rodriguez,50.0,Female,R&D,Technician,Master,Married,3257.0,1,Yes,2,No,,
5784,Sharon Hall,48.0,Male,It,Manager,Phd,Divorced,2701.0,13,Yes,3,Yes,,
3213,Matthew West,56.0,Female,Hr,Manager,Master,Divorced,6136.0,6,No,1,No,,
6009,John Mullins,29.0,Female,Finance,Consultant,Bachelor,Single,10111.0,12,No,1,Yes,2020-07-12,2032-12-07
7417,Christopher Lee,35.0,Male,R&D,Engineer,Bachelor,Single,11633.0,3,No,5,No,2018-06-11,
3934,Mary Ramirez,32.0,Female,Finance,Technician,High School,Single,3500.0,1,No,4,No,,2012-09-01
3285,Amanda Johnson,30.0,Female,It,Manager,Bachelor,Divorced,6291.0,2,No,3,No,,
4333,Robin Thomas,38.0,Male,It,Manager,Phd,Single,11869.0,0,Yes,3,Yes,2024-08-12,
5353,Holly Jackson,40.0,Female,Hr,Technician,High School,Married,9128.0,9,No,4,Yes,,2024-02-28
7351,Alex Gibson,58.0,Male,Sales,Technician,Bachelor,Divorced,7842.0,12,No,2,No,,
4942,Justin Costa,52.0,Female,It,Technician,Master,Single,8636.0,3,No,1,No,,2022-04-09
8934,Thomas Phillips,40.0,Female,Sales,Engineer,Phd,Divorced,9287.0,1,No,4,No,,
3814,Linda Martin,24.0,Female,Sales,Consultant,Bachelor,Divorced,8509.0,10,Yes,3,Yes,,
9522,Roger Clark,48.0,Female,It,Engineer,Phd,Married,13289.0,3,Yes,4,Yes,,2024-02-14
1055,David Johnson,35.0,Female,Finance,Engineer,High School,Single,9855.0,1,No,4,Yes,,
2124,Jennifer Mueller,59.0,Male,R&D,Consultant,Phd,Single,12232.0,2,Yes,2,Yes,,
7961,Wendy Jones,26.0,Female,R&D,Consultant,High School,Married,12511.0,8,No,3,No,,
3392,Jonathan Vaughn,49.0,Female,It,Engineer,Phd,Single,12673.0,3,No,2,No,2021-01-08,
9340,Mr. Chad Beasley,51.0,Female,Hr,Executive,Phd,Married,2663.0,4,Yes,4,No,,
8844,Jessica Park,31.0,Male,Hr,Engineer,Phd,Divorced,3382.0,13,Yes,3,Yes,,
9284,Joshua Watson,21.0,Female,It,Engineer,Phd,Married,7963.0,4,Yes,5,No,,
4202,Ryan Skinner,57.0,Male,Finance,Consultant,High School,Single,8484.0,2,No,3,Yes,,
1724,Kyle Cowan,40.0,Female,R&D,Consultant,Phd,Married,3422.0,11,No,5,No,,
3319,Glen Davis,38.0,Female,Hr,Engineer,Phd,Divorced,3808.0,12,Yes,1,Yes,,
3726,Carrie Esparza,30.0,Male,It,Analyst,High School,Divorced,9949.0,14,No,2,Yes,2020-02-08,
3373,Jennifer Pham,30.0,Female,R&D,Manager,Bachelor,Single,8814.0,6,Yes,4,No,,2025-02-02
6063,Juan Ward,58.0,Male,Sales,Manager,Phd,Married,12327.0,4,Yes,4,No,,2014-12-19
4204,Timothy Ramirez,23.0,Male,It,Executive,Phd,Divorced,8814.0,11,Yes,3,Yes,,
3051,Teresa Vasquez,54.0,Female,Unknown,Manager,Master,Single,7395.0,0,No,3,Yes,,
2966,Michelle Sellers,53.0,Female,Hr,Engineer,Master,Single,10517.0,5,No,5,Yes,,
2845,Corey Buck,49.0,Female,Sales,Technician,High School,Married,8426.0,12,Yes,4,Yes,,2032-07-02
1335,Nicholas Long,20.0,Female,Hr,Analyst,Master,Married,8289.0,6,No,1,No,,
2223,Megan Fleming,46.0,Female,Finance,Executive,High School,Single,14370.0,3,Yes,3,No,,
4954,Christopher Romero,23.0,Male,R&D,Consultant,Bachelor,Single,8814.0,7,No,2,No,,2026-03-06
5012,Christopher Brown,46.0,Female,It,Analyst,Master,Single,10865.0,8,Yes,5,Yes,,
8657,Cynthia Mcdonald,40.0,Female,It,Manager,Master,Divorced,10278.0,3,No,1,Yes,,2026-03-16
1592,Taylor Moore,51.0,Female,Unknown,Analyst,High School,Married,10467.0,8,No,1,Yes,,
3387,Kyle Cruz,43.0,Male,Sales,Technician,Phd,Married,10674.0,11,Yes,1,No,,
3231,Wendy Perry,31.0,Male,Sales,Analyst,High School,Married,5604.0,7,No,1,No,2015-07-10,
2383,Steven Brown,21.0,Male,Sales,Analyst,Bachelor,Divorced,5567.0,13,Yes,4,No,,
4233,Jennifer Stephens,40.0,Female,Sales,Technician,High School,Single,13192.0,9,No,1,No,,
2558,Carl Ramos,40.0,Female,R&D,Engineer,Bachelor,Single,13888.0,4,Yes,2,Yes,,
5772,Rebecca Underwood,49.0,Female,It,Executive,Phd,Married,3370.0,0,No,3,Yes,,
1266,Sherry Hardy,31.0,Male,Sales,Consultant,Bachelor,Divorced,11421.0,12,No,2,No,,
2236,Dr. Melissa Smith DVM,57.0,Male,Sales,Executive,Bachelor,Single,5802.0,3,No,5,Yes,2013-05-04,
9391,Jeremy Robinson,45.0,Male,Unknown,Analyst,High School,Divorced,11432.0,9,Yes,5,Yes,,
6361,Patricia Gilbert,25.0,Female,It,Technician,Phd,Single,13305.0,1,Yes,1,No,,
6943,Micheal Saunders,21.0,Male,Unknown,Technician,Master,Single,11159.0,5,No,5,Yes,,2018-05-28
7304,Robert Robbins,41.0,Male,It,Engineer,Master,Divorced,13076.0,8,Yes,2,No,,
4570,Larry Garcia,27.0,Female,Finance,Executive,Phd,Single,10963.0,4,No,2,Yes,2015-08-02,
2911,Christina Parker MD,40.0,Male,Unknown,Technician,High School,Single,3671.0,7,No,4,No,,2021-09-29
4464,Sarah Meadows,31.0,Male,Sales,Analyst,Phd,Single,6214.0,6,No,1,Yes,,2026-05-28
5977,Daniel Rivas,47.0,Male,Hr,Analyst,Bachelor,Divorced,5247.0,10,No,5,Yes,2017-07-07,2027-07-07
2265,Steven Rush,44.0,Female,Sales,Engineer,Bachelor,Single,7237.0,9,No,2,Yes,,
2721,Alexander Ward,25.0,Female,Finance,Consultant,Master,Married,8968.0,7,No,4,No,2020-11-09,
4722,Caroline Schultz,27.0,Male,Finance,Executive,Master,Single,10304.0,11,Yes,3,Yes,,
6833,Cody Martin,34.0,Male,It,Analyst,Bachelor,Single,14691.0,5,No,1,No,,
1462,Veronica Jackson,50.0,Female,Hr,Engineer,Bachelor,Single,8814.0,11,Yes,1,No,,
6544,Austin Garcia,33.0,Male,Sales,Analyst,High School,Divorced,12003.0,7,Yes,2,No,,
6704,Rachael Ruiz,55.0,Male,R&D,Engineer,High School,Married,14389.0,7,No,2,Yes,,
8488,James Richards,34.0,Female,Sales,Manager,Phd,Single,10404.0,4,Yes,1,No,,
6079,Dawn Hobbs,52.0,Female,Unknown,Engineer,Master,Divorced,14803.0,1,Yes,4,Yes,,
9435,Karen Carr,41.0,Male,It,Technician,Master,Married,8814.0,11,No,1,No,,
5883,Nathan Lin,39.0,Male,R&D,Analyst,Phd,Single,8668.0,12,Yes,3,Yes,,
3992,Jacob Farley,39.0,Female,Hr,Manager,High School,Single,6714.0,0,Yes,2,No,,
5288,Timothy Price,28.0,Female,It,Engineer,High School,Divorced,11839.0,0,Yes,3,Yes,,2012-02-20
2449,Glenn Torres,44.0,Female,Sales,Consultant,Bachelor,Single,8814.0,9,No,2,No,,
3483,Melvin Hudson,36.0,Male,Sales,Consultant,Phd,Married,11458.0,10,Yes,1,No,,
4914,Michelle Robles,33.0,Male,Finance,Executive,Phd,Divorced,11935.0,12,No,2,Yes,2019-12-09,
3445,Sarah Anderson,55.0,Male,It,Technician,Bachelor,Single,4605.0,9,No,3,Yes,,
4850,Kristi Johnson,39.0,Female,Hr,Consultant,Master,Married,14494.0,7,Yes,2,Yes,2023-09-08,
6865,Michael Lee,21.0,Male,Finance,Engineer,Master,Married,7066.0,10,Yes,5,No,,
6171,Jeremy Stanley,22.0,Female,Finance,Engineer,Master,Divorced,6401.0,12,No,2,Yes,,
1331,Kristen Young,24.0,Male,It,Engineer,Phd,Married,11668.0,11,No,2,Yes,,
1258,Marissa Gonzalez,30.0,Female,Hr,Consultant,Bachelor,Married,10655.0,0,Yes,4,Yes,,
4124,Michael Shaffer,36.0,Male,It,Engineer,High School,Single,2891.0,2,Yes,3,No,,
8197,Heather King,25.0,Male,Sales,Analyst,Master,Married,8844.0,6,Yes,5,No,,
9488,Katherine Daniels,53.0,Female,Hr,Analyst,Master,Divorced,8671.0,12,Yes,3,No,,
1269,Jill Castro,58.0,Male,Finance,Executive,High School,Married,5572.0,7,No,4,No,,
6263,Anthony Richmond,54.0,Male,R&D,Executive,Phd,Divorced,5619.0,12,Yes,5,No,2021-01-03,2033-03-01
1338,Chelsea Nelson,20.0,Female,Sales,Engineer,High School,Single,10506.0,12,No,5,Yes,,
9320,Troy Watkins,42.0,Female,Finance,Consultant,Phd,Married,3634.0,6,Yes,4,No,,
4818,Belinda Richards,53.0,Male,R&D,Technician,Master,Divorced,8814.0,12,No,4,No,,
4735,Anne Walsh,30.0,Male,It,Analyst,Phd,Married,14274.0,5,No,1,Yes,2017-12-06,
5737,Michelle Caldwell,37.0,Female,R&D,Manager,Master,Married,7277.0,4,No,5,Yes,,
6339,Deborah Mitchell,32.0,Male,R&D,Technician,Master,Single,14977.0,2,Yes,3,Yes,,
5891,Cameron Woodward,33.0,Male,Sales,Technician,High School,Single,4456.0,9,No,4,No,,
2748,Frank Burch,55.0,Male,Hr,Technician,Bachelor,Single,9168.0,12,No,1,Yes,2022-04-05,2034-05-04
8472,Brooke Horton,23.0,Male,Finance,Analyst,High School,Single,11105.0,13,Yes,3,No,2021-12-05,2034-05-12
8744,Roger Little,54.0,Female,Finance,Manager,High School,Single,12547.0,1,No,2,Yes,,
7435,Barbara Taylor,31.0,Female,Sales,Engineer,Bachelor,Single,10662.0,1,No,5,Yes,,
7798,James Sanford,33.0,Female,Sales,Manager,Phd,Divorced,7099.0,12,Yes,2,Yes,,
7958,Hector Johns,29.0,Male,Sales,Technician,Phd,Married,4696.0,6,Yes,3,Yes,,
6652,Sarah Decker,40.0,Male,Hr,Consultant,High School,Divorced,3939.0,2,Yes,5,Yes,,
6853,Christine White DDS,58.0,Male,It,Executive,Bachelor,Single,13587.0,0,Yes,1,No,,
2887,Theodore Garcia,42.0,Male,Hr,Engineer,Phd,Divorced,14337.0,6,Yes,2,Yes,,2031-03-25
8944,Latasha Allen,54.0,Male,R&D,Manager,Phd,Married,11775.0,14,No,4,Yes,,
8221,Sarah Reid,40.0,Female,It,Executive,High School,Married,11601.0,10,No,5,Yes,,
4069,Danielle Wheeler,28.0,Female,Finance,Consultant,High School,Divorced,7972.0,2,Yes,4,No,,
3272,Stephanie Barry,30.0,Male,Sales,Consultant,Master,Divorced,4148.0,3,No,4,No,,
3576,Jeremy Johnston,49.0,Female,Finance,Technician,Bachelor,Single,5249.0,6,Yes,5,No,,
9660,Vincent Smith,22.0,Female,Hr,Executive,Phd,Divorced,3960.0,5,No,1,Yes,,
8214,Robert Lopez,49.0,Male,Hr,Engineer,Phd,Single,8919.0,14,No,4,No,,
6873,Kendra Barrera,49.0,Female,Hr,Engineer,High School,Married,13007.0,13,No,4,Yes,,2037-04-16
4770,Steve Pope,41.0,Male,R&D,Analyst,Master,Divorced,14575.0,7,Yes,4,Yes,,
5387,Scott Mason,38.0,Female,It,Technician,Master,Divorced,7742.0,1,Yes,2,No,,
4775,Ashley Barker,53.0,Male,Hr,Analyst,Master,Single,7738.0,5,Yes,4,Yes,,
3717,Tyler Bowen,48.0,Female,It,Analyst,Bachelor,Divorced,6978.0,3,No,5,No,,
1888,David Lamb,55.0,Female,R&D,Manager,Phd,Married,7280.0,13,No,5,No,,
8992,Heidi Richardson,37.0,Female,Sales,Consultant,Bachelor,Married,14469.0,13,Yes,2,No,,
1254,Michael Cox,35.0,Female,R&D,Executive,High School,Divorced,7327.0,10,No,5,Yes,2011-05-07,
2870,James Butler,35.0,Female,Finance,Manager,Master,Divorced,7685.0,5,Yes,3,No,2015-05-09,
7381,Marcus Hartman,45.0,Male,It,Consultant,Master,Married,5061.0,0,No,5,Yes,,
3632,Katie Zuniga,21.0,Male,Sales,Engineer,Phd,Divorced,13074.0,3,No,3,Yes,,
5196,Kevin Whitney,56.0,Male,Hr,Executive,Bachelor,Married,4807.0,11,Yes,4,Yes,,
5758,Christina Sims,40.0,Female,R&D,Engineer,Phd,Divorced,5542.0,3,No,4,Yes,,
4286,Daniel Hanson,22.0,Female,Sales,Technician,High School,Married,5030.0,5,No,4,No,,
2974,Kenneth Patrick,20.0,Female,R&D,Technician,Phd,Single,8776.0,13,Yes,5,Yes,,
6506,Carolyn Peterson,51.0,Female,It,Executive,High School,Married,8814.0,7,Yes,5,Yes,,
9078,Michael Randolph,56.0,Female,Sales,Manager,Phd,Married,3779.0,4,No,1,No,2025-03-07,
9386,Karen Ingram,21.0,Male,Finance,Executive,Bachelor,Married,8379.0,14,Yes,3,No,2010-09-12,
6264,Scott Williams,51.0,Female,Finance,Technician,Phd,Married,2817.0,7,Yes,1,No,,
8767,Eddie Davis,49.0,Female,It,Executive,Bachelor,Married,6952.0,0,No,2,No,2015-04-06,
6299,Emily Ramirez,23.0,Male,Finance,Executive,High School,Divorced,13471.0,4,Yes,1,Yes,,
1711,Christina Haney,56.0,Male,R&D,Engineer,High School,Divorced,7887.0,2,Yes,4,No,,2026-03-23
4791,Jason Rodriguez Jr.,28.0,Male,Sales,Engineer,Master,Single,11306.0,13,Yes,4,Yes,2013-05-08,
9156,Julie Anderson,34.0,Male,Finance,Executive,Phd,Married,6339.0,6,Yes,2,Yes,,
4453,Jessica Cochran,24.0,Female,Hr,Technician,High School,Single,7115.0,11,No,4,No,,
3199,Andrea Robinson,22.0,Female,It,Manager,Master,Divorced,13374.0,7,Yes,3,Yes,,
4264,Nicole Castillo,34.0,Male,It,Analyst,Master,Divorced,2802.0,3,No,2,Yes,,
1479,Tyler Mercado,25.0,Female,It,Analyst,Phd,Divorced,12848.0,8,No,4,No,,
4564,Bianca Holder,58.0,Female,It,Technician,Master,Single,8765.0,4,Yes,4,No,,
5865,Michelle Beasley,56.0,Male,Sales,Analyst,Bachelor,Divorced,11337.0,1,Yes,3,No,,
2973,Stephen Townsend,28.0,Female,Finance,Engineer,High School,Married,9900.0,6,Yes,5,No,,
6891,Kara Hancock,30.0,Male,It,Technician,High School,Divorced,4120.0,2,Yes,2,Yes,,
2934,James Garcia,55.0,Female,Finance,Technician,High School,Divorced,14157.0,4,Yes,4,No,,
5132,Donald Mitchell,52.0,Female,R&D,Engineer,Phd,Divorced,13722.0,7,No,3,Yes,,
8509,Angela Hancock,31.0,Female,Hr,Executive,Phd,Divorced,13648.0,6,Yes,2,No,,
2241,John Maxwell,40.0,Male,It,Consultant,Master,Single,8814.0,2,No,2,No,,
8857,Thomas Schneider,22.0,Male,It,Consultant,Master,Divorced,12669.0,4,Yes,1,Yes,,
9091,Joanna Ochoa,27.0,Female,R&D,Technician,Master,Single,7067.0,11,Yes,4,Yes,,2028-06-21
6591,Dawn Owens,57.0,Female,Hr,Technician,High School,Single,2633.0,0,Yes,4,No,,
1937,Jacob Cunningham,39.0,Male,Hr,Technician,Bachelor,Divorced,12219.0,4,No,1,Yes,,
8059,Jason Ramirez,54.0,Male,Hr,Analyst,Bachelor,Single,4227.0,9,No,3,Yes,,
1597,Michael Medina,41.0,Female,It,Analyst,Bachelor,Married,6216.0,12,No,2,Yes,,
4887,Lisa Hernandez,48.0,Male,It,Engineer,Bachelor,Divorced,7311.0,13,Yes,3,No,,
5843,Angela Chavez,56.0,Female,It,Executive,Phd,Married,10935.0,11,Yes,5,Yes,,
6595,Carol Nguyen,30.0,Female,Hr,Executive,High School,Single,10695.0,11,Yes,1,Yes,,
3991,Andrew Crosby,55.0,Male,Finance,Technician,Bachelor,Married,8621.0,4,No,1,No,,
6312,Natalie Hopkins,34.0,Female,Hr,Executive,Phd,Divorced,10685.0,12,No,3,No,2017-07-01,
2065,April Johnson,44.0,Male,R&D,Technician,Bachelor,Divorced,4262.0,0,Yes,4,Yes,,
2952,Ashley Dodson,23.0,Female,Unknown,Consultant,Phd,Single,3316.0,12,Yes,1,Yes,,
1544,Ann Jensen,34.0,Female,R&D,Executive,High School,Single,11937.0,11,Yes,5,No,2017-10-07,
7384,Tonya Brown,39.0,Male,R&D,Consultant,Phd,Single,4187.0,10,No,2,No,,2022-12-15
4807,Christopher Taylor,47.0,Female,Finance,Consultant,Phd,Married,13564.0,14,Yes,1,No,,
9367,Michael Mccoy,48.0,Female,Hr,Consultant,Bachelor,Divorced,10977.0,12,No,5,Yes,,
2464,Elizabeth Alexander,39.0,Male,Hr,Engineer,High School,Divorced,5047.0,12,No,1,No,,
4361,Pamela Norris,53.0,Male,Finance,Technician,Phd,Divorced,4323.0,11,Yes,4,Yes,,
8669,Becky Thomas,21.0,Male,It,Analyst,High School,Married,3346.0,5,Yes,4,No,,
2207,Steven Johnson,36.0,Female,R&D,Engineer,Phd,Divorced,2829.0,4,Yes,1,Yes,,
4656,Rodney Shepard,43.0,Male,R&D,Technician,Master,Single,13044.0,4,No,2,No,2014-08-06,2018-06-08
6748,Marie Christensen,51.0,Male,It,Technician,Master,Married,2997.0,12,No,1,Yes,,
6983,Leah Baker,37.0,Female,It,Consultant,High School,Single,11060.0,3,No,2,Yes,,
5159,Rachel Bowen,21.0,Male,Hr,Analyst,Bachelor,Single,10054.0,6,Yes,2,Yes,,
4515,Brad Haynes,44.0,Male,Sales,Engineer,Master,Single,10724.0,4,No,5,No,2017-04-07,2021-07-04
9302,Isaac Mann,59.0,Female,Hr,Executive,Master,Married,4605.0,10,No,2,No,,
2173,Kristy Mccullough,49.0,Male,Sales,Consultant,Master,Married,5051.0,0,Yes,5,No,,2010-10-29
9057,Cynthia Adams,44.0,Female,R&D,Analyst,Bachelor,Single,12732.0,10,Yes,2,No,,2025-03-08
2907,Virginia Solomon,46.0,Female,Finance,Engineer,Phd,Divorced,14501.0,5,Yes,5,No,,
7496,Kristi Leonard,56.0,Female,Hr,Engineer,High School,Married,4224.0,10,Yes,3,Yes,2018-11-01,
1762,Joan Mann,25.0,Female,It,Technician,Master,Married,3548.0,8,Yes,5,Yes,,2030-12-07
4974,Jessica Davis,40.0,Female,Finance,Analyst,High School,Married,8814.0,11,No,2,No,,
2807,Courtney Scott,49.0,Male,It,Consultant,High School,Single,9282.0,13,Yes,5,Yes,,
3006,Bobby Brewer,40.0,Male,It,Analyst,Bachelor,Single,5300.0,4,Yes,1,Yes,,
1601,Jill Ortiz,21.0,Female,Sales,Technician,Bachelor,Divorced,4507.0,5,No,2,Yes,,
4652,Andrew Patel,46.0,Male,It,Technician,Bachelor,Single,6725.0,1,No,4,Yes,,
1823,Peter Williams,45.0,Male,It,Engineer,Phd,Single,3634.0,10,No,2,Yes,,
7936,Kimberly Smith,37.0,Female,R&D,Technician,High School,Married,9526.0,5,No,5,No,,
1407,Jeffrey Rodriguez,20.0,Female,Sales,Technician,High School,Single,13956.0,7,No,4,Yes,2024-09-08,2031-08-09
8953,Adrian Mendez,40.0,Male,Finance,Manager,Bachelor,Married,5609.0,3,Yes,4,Yes,,
6330,Ryan Ryan,57.0,Male,It,Analyst,Master,Divorced,4029.0,11,Yes,2,Yes,,
8558,Brent Taylor,27.0,Male,Sales,Manager,Bachelor,Married,14123.0,4,Yes,5,No,,
9382,Dr. Mason Castillo,47.0,Female,Finance,Executive,Master,Divorced,10650.0,9,Yes,2,No,,
9959,Nathaniel Bryant,21.0,Female,Finance,Executive,Phd,Single,4497.0,14,No,5,Yes,,
1783,Christian Martin,48.0,Female,Sales,Technician,Bachelor,Married,8814.0,9,Yes,3,Yes,2011-11-07,2020-07-11
9013,Jamie Powell,23.0,Male,Sales,Analyst,High School,Divorced,13588.0,3,No,3,Yes,,
9747,Michelle Garcia,43.0,Male,Sales,Consultant,High School,Single,9861.0,14,Yes,1,Yes,,
8129,Allen Daniels,22.0,Male,It,Executive,Bachelor,Married,13663.0,8,No,4,Yes,2019-08-06,
4923,Johnny Smith,35.0,Male,It,Engineer,High School,Divorced,5024.0,7,Yes,5,No,,
9062,Scott Watson,30.0,Female,Sales,Technician,High School,Married,14462.0,3,No,3,Yes,,
4597,Keith Evans,44.0,Female,Hr,Manager,Master,Married,6945.0,9,No,2,Yes,,2020-09-26
9961,Kenneth Davidson,53.0,Male,Finance,Engineer,Bachelor,Married,3831.0,2,No,2,No,2015-06-07,
3235,Elizabeth Flores,36.0,Male,R&D,Consultant,Bachelor,Single,9763.0,10,No,2,Yes,,2022-04-14
3702,Matthew Smith,27.0,Female,R&D,Consultant,Phd,Married,11282.0,12,Yes,5,Yes,,
7519,Kristi Smith,39.0,Male,Hr,Executive,Master,Divorced,8794.0,5,Yes,5,No,,
4688,Joseph Cox,27.0,Female,Finance,Manager,Phd,Single,8816.0,10,No,2,No,,
9260,Deanna Rodriguez MD,38.0,Female,Unknown,Engineer,Phd,Married,9352.0,10,Yes,3,Yes,,
5503,Amber Weeks,56.0,Female,Finance,Executive,Master,Divorced,14362.0,12,No,2,Yes,2014-03-11,
3138,Jasmine Garcia,58.0,Male,It,Technician,High School,Single,14974.0,10,Yes,4,No,2014-06-03,
4664,Jesse Hamilton,58.0,Female,Sales,Executive,Master,Married,8096.0,10,No,1,Yes,,2023-04-26
4967,Dale Eaton,32.0,Female,It,Technician,Master,Married,5172.0,4,No,1,Yes,,
9943,Brian Thomas,22.0,Male,Finance,Manager,Bachelor,Married,8814.0,0,Yes,3,No,,
9425,Todd Wagner,51.0,Female,Sales,Technician,Phd,Single,11258.0,12,Yes,4,No,,
4562,Kathleen Edwards,47.0,Male,Sales,Engineer,Phd,Married,9319.0,7,No,4,Yes,,
8150,Gregory Beck,44.0,Female,Hr,Manager,Master,Single,12049.0,8,No,3,Yes,,
1440,Ashley Jordan,44.0,Male,It,Analyst,Master,Married,12945.0,14,No,4,Yes,,
6880,Lisa Ryan,38.0,Male,Finance,Executive,High School,Divorced,10371.0,4,No,2,No,,
1133,Travis Collins,56.0,Female,Unknown,Manager,Bachelor,Divorced,10370.0,1,No,4,Yes,,
5340,Hector White,40.0,Male,Finance,Consultant,Master,Divorced,6675.0,12,Yes,1,Yes,,
3066,Madison Patterson,59.0,Female,It,Manager,High School,Divorced,10392.0,11,No,1,Yes,,
8973,Nancy Rivera MD,35.0,Female,Finance,Executive,Master,Single,11315.0,11,Yes,2,Yes,,
4269,Alexander Chapman,40.0,Female,Hr,Consultant,High School,Married,8814.0,7,No,4,No,,
9724,Juan Smith,59.0,Male,It,Executive,Phd,Married,8814.0,7,Yes,2,Yes,2025-01-09,
7565,Justin Carpenter,25.0,Female,Finance,Engineer,High School,Single,4972.0,10,No,2,Yes,,2030-11-21
9179,Mariah Gardner,40.0,Female,It,Executive,High School,Divorced,3949.0,6,No,4,No,,2030-04-06
5259,Christian Banks,56.0,Female,It,Technician,High School,Married,13258.0,8,No,5,Yes,,
1758,Kimberly Whitehead,33.0,Female,It,Engineer,High School,Single,10077.0,10,Yes,5,Yes,,
3203,Mathew Barton,37.0,Male,It,Analyst,High School,Divorced,11532.0,0,Yes,2,No,,
3105,Nicholas Shah,40.0,Male,R&D,Analyst,High School,Married,8398.0,11,Yes,2,No,2012-01-08,
8683,Erin Walsh,44.0,Female,R&D,Manager,Bachelor,Single,5110.0,0,No,2,No,,
6978,Renee Green,34.0,Female,R&D,Manager,High School,Single,13685.0,1,Yes,4,No,2012-05-01,
4432,Steven Peterson,36.0,Female,Hr,Consultant,Master,Married,8729.0,6,Yes,3,Yes,,
2689,Nicole Le,45.0,Female,Sales,Manager,Master,Divorced,13185.0,11,No,2,No,,
5845,Jessica Sanford,46.0,Female,Finance,Technician,Bachelor,Single,6704.0,7,Yes,5,Yes,,
3218,Marie Owens,43.0,Male,Hr,Engineer,Master,Divorced,11509.0,6,Yes,4,Yes,,
4073,Mary Oconnor,59.0,Female,R&D,Technician,Master,Married,13031.0,14,Yes,5,No,,2033-10-23
6261,Casey Graham,56.0,Male,Finance,Analyst,High School,Divorced,11735.0,14,Yes,3,Yes,,
9989,Karen Smith,32.0,Female,Hr,Consultant,Master,Married,3390.0,9,No,5,Yes,,
8929,Paul Chase,43.0,Male,Hr,Consultant,High School,Single,14812.0,10,Yes,4,No,,
5806,Melissa Hall,49.0,Male,Unknown,Engineer,Bachelor,Divorced,8611.0,0,Yes,3,No,,
3988,Gina Moran,58.0,Female,R&D,Executive,Phd,Single,5971.0,10,No,1,No,,
7845,Joseph York,40.0,Female,Sales,Consultant,Phd,Single,6328.0,6,No,2,No,,
5258,Micheal Johnson,28.0,Male,R&D,Executive,High School,Single,4843.0,1,No,2,Yes,,
8087,Thomas Parker,27.0,Male,Sales,Manager,High School,Divorced,3332.0,12,No,5,No,,
5847,Benjamin Taylor,32.0,Male,Finance,Engineer,High School,Married,4357.0,12,Yes,4,No,,
1696,Jessica Graham,25.0,Female,Hr,Technician,Phd,Married,4182.0,3,Yes,5,No,2017-09-06,
6959,Christopher Lopez,40.0,Male,It,Technician,Phd,Divorced,8814.0,8,Yes,1,No,,
8666,Geoffrey Ayala,31.0,Male,Sales,Analyst,Master,Divorced,11669.0,1,No,2,Yes,2013-07-09,
1162,Jose Smith,44.0,Female,Hr,Consultant,Bachelor,Divorced,8425.0,9,Yes,5,Yes,,2033-05-05
6565,Andrew Gentry,22.0,Male,It,Engineer,Master,Single,3198.0,9,Yes,4,Yes,2014-10-12,
1370,Nicholas Diaz,57.0,Male,Sales,Consultant,High School,Married,8814.0,3,No,5,No,,
5294,Richard Young,36.0,Male,It,Technician,Phd,Single,7235.0,13,No,5,No,,
1420,Pam Smith,54.0,Female,Finance,Consultant,Phd,Married,2762.0,13,No,4,Yes,,
6436,Christopher Vega,29.0,Female,It,Technician,High School,Single,10758.0,3,No,1,Yes,,
8157,Caleb Barber,53.0,Female,Hr,Manager,High School,Single,12047.0,8,Yes,2,Yes,,
2524,Samuel Hill,33.0,Female,Sales,Technician,Master,Divorced,11067.0,2,No,2,Yes,,
9496,April Moon,34.0,Male,Finance,Technician,Phd,Single,6937.0,10,No,3,Yes,,
1821,Cynthia Martin,46.0,Female,Finance,Engineer,Bachelor,Single,13690.0,1,No,4,No,2012-02-06,2013-06-02
2196,Andrew Berry,31.0,Female,R&D,Analyst,High School,Divorced,14892.0,2,No,3,Yes,,
9813,Lauren Hernandez MD,49.0,Male,Hr,Analyst,High School,Divorced,14101.0,12,No,4,Yes,,
9700,Dr. David White,33.0,Male,It,Technician,Bachelor,Married,5655.0,14,Yes,3,No,,
6395,Michael Becker,52.0,Male,Finance,Executive,High School,Married,9232.0,13,No,4,No,,
5055,Stephen Clarke,42.0,Male,R&D,Executive,Bachelor,Single,6260.0,14,No,1,Yes,,
9453,Jennifer Lozano,44.0,Male,Finance,Executive,Master,Single,12264.0,3,No,2,No,2019-09-04,
1761,Andrea Christian,24.0,Female,R&D,Engineer,Master,Divorced,3014.0,11,Yes,5,Yes,2012-02-11,
4610,Mark Wilkins,36.0,Female,Unknown,Analyst,Phd,Divorced,13453.0,7,Yes,2,Yes,2024-12-08,
6700,Mary Reid,22.0,Female,Finance,Analyst,High School,Married,3159.0,12,No,1,Yes,,
4230,Jason Rose MD,20.0,Female,Hr,Technician,High School,Married,3071.0,8,Yes,1,No,,
2674,Jill Gomez,42.0,Male,Unknown,Manager,Phd,Divorced,6683.0,14,No,4,No,,
5467,Matthew Richards,59.0,Male,It,Engineer,Bachelor,Single,11480.0,1,No,5,No,,
7847,Lisa Velez,26.0,Male,It,Consultant,Bachelor,Married,2726.0,2,Yes,5,No,,
7216,Meghan Alvarez DVM,39.0,Female,It,Technician,High School,Single,10345.0,9,Yes,1,No,2013-06-01,
4011,Jonathan Jackson,35.0,Male,Hr,Analyst,Bachelor,Divorced,6011.0,12,No,1,Yes,,
3629,Kristen Hernandez,47.0,Male,Sales,Engineer,High School,Divorced,8814.0,4,Yes,5,Yes,2022-11-07,
6632,Kathleen Porter,39.0,Male,Hr,Analyst,Master,Married,9675.0,5,No,5,Yes,2024-05-04,
7204,Charles Butler,29.0,Male,Hr,Consultant,Master,Married,13583.0,12,No,2,Yes,,
6340,Andrew Becker,43.0,Female,Finance,Executive,Bachelor,Single,11655.0,14,No,2,No,,
3278,Jim Gonzalez,29.0,Male,Finance,Analyst,Master,Divorced,10151.0,13,No,4,Yes,,
9008,Debra Kim,32.0,Female,Sales,Consultant,Master,Single,9415.0,10,No,3,Yes,2023-08-10,
6091,Kevin Smith,59.0,Female,R&D,Analyst,High School,Single,10822.0,3,Yes,3,Yes,,
2267,Amy Norris,51.0,Female,Unknown,Consultant,High School,Single,13893.0,10,Yes,4,No,,
6302,Calvin Rose,23.0,Male,R&D,Analyst,Master,Divorced,10886.0,5,Yes,5,Yes,,
2132,Donald Benson,32.0,Male,Hr,Technician,High School,Married,5350.0,12,No,3,No,,
9232,Nicholas Nelson,39.0,Male,It,Analyst,Phd,Single,8814.0,7,Yes,5,No,,
3026,Julie White,24.0,Male,R&D,Consultant,High School,Single,12110.0,8,Yes,4,Yes,,2031-10-17
5020,Michael Simpson,46.0,Female,It,Consultant,Bachelor,Single,14513.0,0,No,1,No,2015-02-01,
3897,Dale Avila,52.0,Female,R&D,Executive,Bachelor,Married,2549.0,4,Yes,5,No,2022-06-02,
8880,John Stevenson,36.0,Female,Finance,Analyst,Master,Married,4884.0,3,Yes,2,Yes,,
1421,Mary Hernandez,30.0,Male,Hr,Engineer,Bachelor,Married,11475.0,5,No,3,Yes,,
9673,Kristin Buchanan,40.0,Male,Sales,Engineer,Bachelor,Divorced,3455.0,11,No,3,Yes,,
5759,Michelle Henry,40.0,Male,R&D,Technician,Phd,Single,6424.0,12,Yes,4,Yes,,
3865,Steven Grant,59.0,Female,Finance,Technician,Phd,Married,14644.0,7,No,5,Yes,2017-01-05,
7171,Terry Rosales,23.0,Female,Sales,Engineer,Phd,Married,13832.0,5,No,4,No,,
1889,Patrick Smith,47.0,Female,Hr,Executive,High School,Single,6968.0,7,No,1,No,,
4711,Michael Meyers,40.0,Male,Hr,Engineer,High School,Married,6100.0,1,No,5,Yes,,
6209,Olivia Sampson,56.0,Male,Finance,Technician,High School,Divorced,14969.0,3,Yes,5,No,,
7116,Yolanda Williams,56.0,Female,Finance,Engineer,Phd,Married,10332.0,13,Yes,3,Yes,2023-11-10,
8672,Derrick Ramos,54.0,Male,Unknown,Technician,Master,Married,13921.0,12,No,4,No,2020-05-01,
9683,Theresa Johnson,58.0,Female,Sales,Consultant,Master,Single,12962.0,8,Yes,5,No,,
8327,Kayla Weber,49.0,Male,R&D,Executive,Master,Single,6642.0,3,No,1,No,,
5342,Zachary Larson,33.0,Male,R&D,Executive,High School,Divorced,12961.0,8,No,4,No,,2024-01-30
1315,Kayla Smith,51.0,Female,Sales,Consultant,Phd,Single,8814.0,11,Yes,2,No,,
8265,Aaron Webb,56.0,Female,Hr,Consultant,High School,Divorced,12678.0,3,Yes,2,Yes,,
1643,Michael Wall,55.0,Female,R&D,Consultant,High School,Married,7076.0,13,Yes,5,No,,
9439,Sarah Webb,30.0,Female,Hr,Technician,High School,Divorced,6646.0,3,Yes,4,No,,
7370,Chad Burnett,40.0,Female,Sales,Consultant,Master,Divorced,4717.0,14,No,5,Yes,,
5573,Victoria Fleming,50.0,Male,Finance,Manager,Bachelor,Divorced,10945.0,4,No,4,No,,
6533,Kayla Taylor,58.0,Male,It,Executive,Master,Single,6174.0,0,Yes,2,Yes,2013-01-07,
1463,Taylor Brown,42.0,Female,R&D,Engineer,Master,Married,6943.0,13,Yes,3,No,,
5364,Michael Nicholson,30.0,Male,Sales,Manager,Phd,Single,13354.0,13,Yes,4,No,,
5359,Jason Lara,49.0,Male,R&D,Analyst,High School,Married,14061.0,3,No,1,No,2018-12-04,
2758,Melissa Crawford,42.0,Female,R&D,Engineer,Master,Divorced,9244.0,6,Yes,1,Yes,,
5391,Alyssa Willis,57.0,Female,Hr,Executive,Phd,Single,4167.0,1,No,3,Yes,,2012-05-19
6857,Matthew Bender,44.0,Male,Unknown,Consultant,Phd,Divorced,13068.0,7,No,5,No,2017-04-07,
9691,Debbie Mora,29.0,Male,Sales,Executive,Master,Married,14163.0,7,No,3,No,,
4284,Robert Hood,37.0,Female,R&D,Analyst,Master,Married,7257.0,11,No,3,Yes,,
9050,Betty Ferguson,58.0,Female,It,Executive,Phd,Single,12195.0,12,Yes,2,Yes,2023-09-07,
8124,Bonnie Jenkins,31.0,Male,Sales,Executive,Phd,Divorced,2870.0,1,Yes,2,No,,
2932,Gregory Christensen,37.0,Male,Hr,Engineer,Bachelor,Divorced,12922.0,7,No,4,No,2013-02-01,
2308,Billy Jacobson,41.0,Male,It,Executive,High School,Married,14700.0,13,Yes,5,Yes,,
7360,Joseph Cortez,52.0,Female,Sales,Consultant,Bachelor,Divorced,8814.0,13,Yes,2,No,2017-07-09,
3410,Michael Jackson,59.0,Female,Sales,Technician,Bachelor,Married,13071.0,6,No,5,No,2019-02-07,2025-07-02
9871,Julie Johnson,45.0,Male,Hr,Executive,Master,Divorced,11180.0,10,No,3,No,,
4731,Jason Williams,38.0,Male,Finance,Analyst,Phd,Single,11123.0,3,Yes,1,Yes,2023-07-12,
2926,Leah Stephenson,53.0,Male,Hr,Analyst,Phd,Single,2653.0,10,Yes,2,No,,
7003,Brenda Martin,30.0,Female,Finance,Analyst,High School,Married,12277.0,2,No,5,Yes,,
7371,Kimberly Potter,31.0,Female,R&D,Executive,Bachelor,Divorced,7626.0,12,Yes,2,Yes,,
2953,Kelly Scott,25.0,Female,It,Engineer,Master,Married,6857.0,12,No,5,Yes,,
5008,Darius Moreno,38.0,Female,It,Consultant,Bachelor,Divorced,2522.0,5,No,1,No,,
8497,Tony Gardner,20.0,Female,Hr,Technician,High School,Married,11051.0,1,Yes,2,Yes,,
2182,Brett Crosby,33.0,Female,R&D,Analyst,Bachelor,Divorced,11727.0,2,Yes,4,Yes,,
5786,Joseph Willis,22.0,Female,It,Manager,Master,Divorced,14654.0,1,No,3,Yes,,
6988,Shelly Thomas,42.0,Male,Sales,Executive,High School,Married,9985.0,9,Yes,5,Yes,,
1858,Joshua James,41.0,Male,It,Engineer,Master,Married,8814.0,11,Yes,5,No,,2035-09-24
1971,Brian Kramer,43.0,Male,Hr,Analyst,High School,Married,9955.0,13,Yes,5,No,2023-10-07,
4266,Andrea Ramos,47.0,Female,It,Manager,Phd,Married,3942.0,1,No,1,Yes,2020-12-10,2021-10-12
3161,Sherri Harris,22.0,Male,Hr,Engineer,High School,Divorced,12683.0,13,Yes,5,No,,
8824,Morgan Carter,45.0,Male,Finance,Executive,Phd,Married,11348.0,5,Yes,5,No,,
7310,Cynthia Osborn,41.0,Female,Finance,Engineer,Bachelor,Divorced,14744.0,4,No,4,No,,
1789,Christine Garza,57.0,Female,Hr,Technician,Master,Single,13711.0,7,Yes,5,Yes,,
9422,Jeffrey West,53.0,Male,Finance,Analyst,High School,Married,3227.0,0,No,3,Yes,,
6558,Noah Alvarez,34.0,Female,Sales,Engineer,Phd,Divorced,2852.0,5,Yes,4,No,2013-04-07,2018-07-04
3196,Julie Lewis,51.0,Female,Sales,Technician,Master,Single,3651.0,3,No,1,Yes,2012-12-10,2015-10-12
2162,Bobby Dickerson,52.0,Male,It,Technician,High School,Single,6435.0,0,Yes,1,Yes,,
7822,Travis Hall,34.0,Female,R&D,Engineer,Phd,Married,7586.0,11,Yes,2,Yes,,
7442,Stephanie Smith,25.0,Female,It,Executive,Master,Divorced,8814.0,3,No,2,Yes,,2021-09-10
4631,Gabriel Smith,36.0,Female,R&D,Manager,Phd,Divorced,12747.0,14,Yes,4,Yes,,
7909,Joshua Lambert,33.0,Female,It,Consultant,Phd,Married,10918.0,1,Yes,3,Yes,2020-12-02,2021-02-12
6139,Gina Bass,58.0,Male,R&D,Technician,High School,Single,5842.0,12,No,4,No,,
7331,Jeff Reynolds,50.0,Male,It,Analyst,High School,Single,8814.0,2,No,5,Yes,,
8308,Jason Kirk,29.0,Male,Hr,Manager,Phd,Divorced,9569.0,11,Yes,1,No,,
3915,Karen Ferrell,37.0,Female,Sales,Engineer,Master,Divorced,14546.0,9,No,5,No,2011-03-01,
5221,Amber Fletcher,34.0,Male,Hr,Manager,High School,Divorced,9796.0,11,Yes,3,Yes,,
2901,Brittany Garcia,53.0,Male,Hr,Manager,Phd,Divorced,9973.0,10,No,2,No,2022-03-01,
8762,Marcia Huff,58.0,Male,R&D,Analyst,Phd,Single,9962.0,3,No,3,No,,
3651,Sharon Rose,33.0,Male,It,Manager,High School,Married,6086.0,12,Yes,1,No,,
9550,Diane Smith,56.0,Male,It,Manager,Bachelor,Divorced,6931.0,7,Yes,1,No,,
6745,Michael Melendez,53.0,Male,Sales,Manager,Master,Divorced,14254.0,9,No,3,Yes,,
1227,April Lee,36.0,Male,R&D,Consultant,Master,Single,5160.0,4,No,5,No,,
6921,Alisha Coleman,44.0,Female,Hr,Technician,Phd,Divorced,13026.0,3,Yes,2,No,,
6059,Robert Rodriguez,37.0,Male,R&D,Consultant,Master,Married,11205.0,11,No,1,No,,
6097,Tiffany Martin,35.0,Male,Unknown,Engineer,Bachelor,Single,6924.0,1,Yes,5,No,2017-07-01,
5708,Elizabeth Thomas,24.0,Female,R&D,Executive,Phd,Married,5431.0,12,Yes,3,No,,
4745,Deborah Rivera,57.0,Female,It,Manager,High School,Single,13396.0,5,No,5,No,,2016-07-31
3711,Paul Maddox,36.0,Female,Finance,Consultant,Master,Single,12840.0,7,Yes,1,No,2011-06-07,
4964,Sarah Smith,41.0,Female,Finance,Consultant,Bachelor,Divorced,4747.0,7,No,1,Yes,,
6011,Dennis Jones,31.0,Female,It,Executive,Master,Divorced,8814.0,9,Yes,5,No,,
1515,Tiffany Wright,40.0,Female,Sales,Manager,High School,Married,6869.0,9,Yes,2,No,,
5951,Adam Cochran,52.0,Male,Sales,Manager,High School,Divorced,3960.0,8,Yes,1,No,,
3205,Jimmy Clark,31.0,Female,It,Engineer,Bachelor,Divorced,3041.0,12,No,4,Yes,,
1000,Linda King,23.0,Female,Finance,Engineer,High School,Married,5391.0,14,No,3,No,,2026-03-24
2473,Erin Chavez,39.0,Female,Finance,Consultant,High School,Divorced,4596.0,4,No,4,Yes,,
2269,Briana Anderson,22.0,Female,Hr,Analyst,Bachelor,Married,9983.0,10,Yes,2,Yes,,
6171,Jeremy Stanley,22.0,Female,Finance,Engineer,Master,Divorced,6401.0,12,No,2,Yes,,
5724,Jonathan Gonzalez,51.0,Female,R&D,Analyst,High School,Divorced,8814.0,4,No,5,Yes,,
5518,Candace Welch,50.0,Female,Finance,Technician,High School,Divorced,7446.0,13,Yes,2,No,,
9589,Teresa Kim,22.0,Male,R&D,Technician,Phd,Divorced,4990.0,5,Yes,1,Yes,,
2262,Michelle Mckenzie,41.0,Male,Hr,Engineer,High School,Married,11369.0,0,Yes,1,Yes,2021-03-11,
3872,Danielle Day,24.0,Female,Hr,Analyst,Phd,Married,12645.0,2,No,5,Yes,,
6032,Matthew Wood,55.0,Male,It,Technician,High School,Married,3901.0,8,Yes,5,No,,
6174,Nicole Cooper,36.0,Male,Finance,Technician,Phd,Single,14016.0,9,Yes,3,No,,
8637,James Taylor,57.0,Female,R&D,Executive,Master,Married,11077.0,10,Yes,3,No,,
9160,Joseph Ramos,24.0,Male,Hr,Consultant,High School,Married,13759.0,0,No,1,No,,
8064,Ashley Hughes,58.0,Female,It,Consultant,High School,Divorced,4470.0,2,Yes,3,No,,
5027,Sherri Blake,20.0,Male,It,Engineer,Phd,Married,6243.0,2,Yes,5,Yes,,
2715,Chad Smith,37.0,Female,Sales,Consultant,Phd,Married,13611.0,6,Yes,2,No,,2031-03-22
1714,John Molina,25.0,Male,It,Analyst,Phd,Single,10286.0,12,No,2,No,2022-05-11,
6820,Holly Bennett,48.0,Female,Hr,Manager,Master,Single,13349.0,12,No,4,No,,
1212,Rodney Mcgee,40.0,Female,It,Manager,Master,Divorced,13924.0,5,No,4,No,2023-02-06,
8027,Stacey Coleman,37.0,Male,Hr,Analyst,Bachelor,Divorced,9873.0,2,No,4,No,,
7079,Jeffrey Kennedy MD,38.0,Male,R&D,Consultant,Phd,Married,4439.0,2,No,1,No,2018-03-06,
9158,Gary Costa,32.0,Male,Finance,Executive,Master,Single,3198.0,5,No,2,No,,
5969,Douglas Taylor,53.0,Male,R&D,Analyst,Master,Married,11846.0,7,No,5,No,,2027-06-13
1754,James Nguyen,24.0,Male,R&D,Executive,Bachelor,Single,9979.0,5,Yes,5,Yes,,
5540,Christian Choi,37.0,Male,Hr,Executive,High School,Single,3378.0,12,Yes,5,Yes,,
9338,Jessica Franklin,43.0,Male,It,Engineer,High School,Divorced,10702.0,7,No,5,No,2020-05-12,
1401,Theresa Gomez,32.0,Male,Finance,Consultant,Bachelor,Divorced,3696.0,11,No,5,No,,
3932,Angela York DDS,41.0,Female,Hr,Analyst,Phd,Divorced,4186.0,14,Yes,1,No,,2037-11-21
9042,David Chavez,59.0,Female,It,Analyst,Phd,Single,10592.0,13,Yes,2,Yes,,
5746,Sharon Holden,44.0,Female,Sales,Manager,Bachelor,Married,13958.0,7,No,4,Yes,,
5660,Matthew Aguilar,37.0,Female,Finance,Executive,High School,Married,12628.0,8,Yes,4,Yes,,
2980,Christopher Nielsen,52.0,Female,It,Consultant,Phd,Divorced,7241.0,2,Yes,4,Yes,,2017-09-26
4020,Derek Fernandez,47.0,Female,Hr,Analyst,Master,Married,13502.0,14,Yes,2,Yes,2020-03-03,
9274,Kayla Carroll,30.0,Male,Sales,Analyst,Phd,Married,8404.0,7,No,5,Yes,,
1991,Robert Smith,29.0,Female,Finance,Technician,High School,Divorced,2760.0,5,No,2,No,,2027-07-08
7209,David Mcmahon,56.0,Male,Sales,Manager,Bachelor,Divorced,5231.0,7,No,4,Yes,,
9411,Carlos Austin,24.0,Male,It,Executive,Bachelor,Divorced,7795.0,7,Yes,5,No,,
4516,Jill Price,51.0,Female,Finance,Engineer,High School,Divorced,12733.0,10,Yes,3,No,,
5877,Belinda Reed,47.0,Female,Finance,Engineer,Phd,Single,13016.0,5,Yes,3,No,2018-11-04,
5844,Amy Oliver,54.0,Female,Sales,Executive,Phd,Married,7468.0,8,Yes,2,No,,2020-11-22
1818,Kathleen Hudson,40.0,Male,R&D,Technician,High School,Divorced,12933.0,0,Yes,2,Yes,,
8343,Mitchell Gomez,32.0,Male,Hr,Executive,High School,Divorced,5771.0,7,No,1,No,2018-02-10,
3004,Kathryn Manning,48.0,Female,Hr,Executive,Master,Divorced,2801.0,7,Yes,1,No,,
4193,Danielle Vaughn,40.0,Male,Sales,Analyst,Phd,Divorced,8415.0,6,No,4,No,,
4561,Michael Davenport,40.0,Male,It,Engineer,Phd,Married,8199.0,11,No,5,Yes,2014-01-08,
3447,Jeffrey Zimmerman,55.0,Male,Finance,Manager,Bachelor,Married,3472.0,10,No,3,No,,
4012,Donna Riley,59.0,Female,Unknown,Analyst,Phd,Single,4559.0,6,No,3,Yes,2024-07-08,
4635,Cassandra Miller,20.0,Male,Finance,Consultant,High School,Divorced,14838.0,8,Yes,1,No,,
3802,Chad Figueroa,26.0,Female,R&D,Analyst,High School,Divorced,13645.0,11,No,5,No,,
9819,Jorge Griffin,24.0,Female,R&D,Manager,High School,Single,7722.0,11,No,2,Yes,2024-10-03,2035-03-10
6253,Nicholas Brown,51.0,Female,Unknown,Analyst,Phd,Single,7431.0,5,No,3,No,,
1869,Jacob Williams,55.0,Female,It,Executive,Phd,Divorced,11442.0,0,Yes,3,Yes,2017-09-02,
4757,Kathryn Reed,28.0,Male,Unknown,Manager,Master,Married,8293.0,2,Yes,1,Yes,2020-09-06,
7898,Mrs. Sherry Klein,47.0,Male,Hr,Manager,Master,Single,10961.0,6,Yes,1,Yes,,
1106,Amber Jones,47.0,Male,It,Analyst,Bachelor,Divorced,3488.0,11,Yes,4,No,,
9863,Mr. John Martinez,59.0,Male,Hr,Consultant,High School,Single,4249.0,7,Yes,2,Yes,,
3037,Kaitlyn Moore,29.0,Female,Sales,Consultant,High School,Married,9756.0,10,No,4,Yes,,
9754,Brenda Silva,40.0,Male,Hr,Executive,Master,Married,2658.0,13,No,3,No,,
2583,Natasha Farmer,59.0,Female,Finance,Consultant,High School,Single,13773.0,3,Yes,3,Yes,,
6322,Kerry Herman,50.0,Male,Sales,Consultant,High School,Divorced,13123.0,11,No,4,Yes,,
1049,Ashley Patterson,56.0,Male,Finance,Analyst,Bachelor,Single,8814.0,13,Yes,1,Yes,2014-12-05,
5698,Lauren Jackson,29.0,Male,Unknown,Analyst,Master,Married,11660.0,10,No,5,No,2013-09-03,2023-03-09
2072,Mark Woodard,26.0,Female,R&D,Engineer,Phd,Divorced,7793.0,5,No,4,Yes,,
5726,Deanna Ward,44.0,Female,Finance,Executive,Master,Married,4543.0,10,Yes,3,Yes,,2022-02-22
4757,Kathryn Reed,28.0,Male,Sales,Manager,Master,Married,8293.0,2,Yes,1,Yes,2020-09-06,
2591,Keith Harrell,51.0,Female,Finance,Executive,Phd,Married,4234.0,3,Yes,5,Yes,,
8731,James Smith,24.0,Female,Sales,Analyst,Bachelor,Married,14237.0,8,Yes,3,No,,
9307,Kathryn Harper,24.0,Female,Finance,Manager,Master,Married,5762.0,11,Yes,1,Yes,,
2231,Melissa Bridges,43.0,Male,Hr,Executive,High School,Divorced,7870.0,1,No,2,Yes,,
2014,Jason Sosa,23.0,Male,R&D,Engineer,Bachelor,Single,3540.0,3,No,4,Yes,,
5047,Joseph Arnold,43.0,Male,Hr,Consultant,Master,Married,9814.0,5,Yes,4,Yes,,
4164,Timothy Romero,45.0,Male,It,Manager,Bachelor,Married,13761.0,1,Yes,3,Yes,,
4976,Aaron Brown,49.0,Female,Finance,Executive,High School,Single,3132.0,13,No,5,No,,
4921,Alexander Walker,40.0,Male,Sales,Consultant,Master,Married,10194.0,6,No,3,No,,
1125,Shannon Wilson,22.0,Female,It,Consultant,Master,Divorced,5743.0,2,Yes,2,No,2024-10-01,
1169,Micheal Smith,45.0,Female,It,Technician,Bachelor,Divorced,13809.0,11,Yes,4,No,,
2042,Loretta Williams,39.0,Male,Finance,Manager,Master,Single,10517.0,7,No,4,Yes,,
1497,Richard Watts,22.0,Male,Sales,Analyst,Master,Divorced,3129.0,9,Yes,4,Yes,,2031-09-30
6131,Nancy Wheeler,43.0,Female,Finance,Executive,Bachelor,Single,14591.0,11,Yes,3,No,,
9352,Nichole Rodriguez,38.0,Male,Hr,Consultant,Master,Single,10819.0,6,No,5,No,,
4188,Robert Vasquez,38.0,Male,It,Consultant,Master,Married,8814.0,6,Yes,1,Yes,,
2275,Danielle Morgan,52.0,Male,Hr,Manager,Master,Single,4138.0,11,No,4,Yes,,
7704,Gabriel Fitzgerald,27.0,Male,Sales,Consultant,Master,Divorced,8067.0,6,No,3,Yes,2017-12-03,
9980,Robin Olson,40.0,Male,R&D,Analyst,Phd,Divorced,6196.0,0,No,3,Yes,,
8935,Ian Rogers,37.0,Male,Sales,Manager,Bachelor,Married,5363.0,9,No,5,No,2017-07-07,
3025,Adrienne Rogers,50.0,Male,It,Engineer,High School,Single,5773.0,10,Yes,4,Yes,,
4063,Sergio Williams,41.0,Male,Finance,Manager,Bachelor,Married,5244.0,4,No,4,Yes,2017-03-07,
5273,James Davis,21.0,Female,Sales,Executive,Master,Divorced,9514.0,6,Yes,2,Yes,,
9175,Leslie Rogers,58.0,Female,R&D,Consultant,Bachelor,Married,11401.0,2,Yes,3,No,,
7310,Cynthia Osborn,41.0,Female,Finance,Engineer,Bachelor,Divorced,14744.0,4,No,4,No,,
5334,Morgan Rivera,50.0,Male,Hr,Manager,Phd,Divorced,4119.0,8,No,3,No,,
4776,Erica Anderson,30.0,Male,It,Technician,High School,Divorced,6051.0,0,No,5,Yes,,
6456,James Nolan,53.0,Female,Finance,Consultant,Phd,Married,13907.0,9,Yes,1,Yes,,
1476,Ashley Clark,42.0,Male,Hr,Engineer,High School,Married,3446.0,10,Yes,3,No,,
4055,Nicole Townsend,36.0,Male,Hr,Executive,Phd,Single,5932.0,6,Yes,5,Yes,,2017-10-11
2462,Anthony Kelley,25.0,Female,R&D,Engineer,High School,Divorced,3880.0,4,No,1,Yes,,
2772,Trevor Beard,23.0,Male,Hr,Consultant,Phd,Divorced,7120.0,5,Yes,2,Yes,2011-10-02,
7378,Kristopher Norris,55.0,Female,Finance,Consultant,High School,Divorced,14296.0,0,No,3,Yes,,
7893,James Olson,34.0,Male,R&D,Manager,Bachelor,Single,12588.0,14,No,4,Yes,2024-02-01,
4792,Paul Taylor,50.0,Male,Finance,Consultant,Phd,Divorced,2848.0,11,No,1,No,2014-11-12,
5129,Jesus Davidson,45.0,Female,Sales,Executive,High School,Divorced,8814.0,2,No,4,No,,
8055,Pamela Hughes,25.0,Female,Sales,Analyst,Phd,Divorced,5572.0,6,No,5,No,,2021-08-25
3835,Andrea Thompson,33.0,Female,R&D,Engineer,Bachelor,Divorced,8814.0,0,Yes,2,No,,
3308,Terri Santiago,33.0,Female,Sales,Manager,High School,Married,8977.0,11,No,1,No,,
1168,Kelsey Williams,51.0,Female,Sales,Consultant,High School,Married,9581.0,13,No,2,Yes,,
3851,Jason Lopez,50.0,Male,Finance,Manager,Phd,Married,9405.0,3,Yes,5,Yes,,
1744,Carly Rubio,22.0,Male,Hr,Manager,Master,Married,12141.0,2,Yes,3,No,,
4211,Kenneth Moore,59.0,Female,Sales,Technician,High School,Single,7466.0,5,Yes,4,Yes,,
8933,James Thompson,20.0,Male,Sales,Consultant,Phd,Married,12832.0,9,No,3,No,,
9341,Jason Taylor,54.0,Male,R&D,Consultant,High School,Single,11206.0,10,Yes,3,Yes,,
4418,Cameron Kidd,20.0,Female,R&D,Technician,Master,Single,3740.0,0,No,2,No,2020-05-01,
6857,Matthew Bender,44.0,Male,Sales,Consultant,Phd,Divorced,13068.0,7,No,5,No,,
6545,Thomas Holden,32.0,Female,Finance,Analyst,Bachelor,Single,4056.0,4,Yes,4,No,,2028-03-12
1678,Tracy Hobbs,47.0,Male,Sales,Technician,High School,Single,8092.0,4,No,1,Yes,2015-05-02,
1942,Frances Zimmerman,41.0,Male,Sales,Executive,Bachelor,Single,5220.0,5,No,1,No,,
5226,Joseph Smith,38.0,Female,It,Engineer,Phd,Married,13942.0,6,No,4,No,,
8960,Kiara Obrien,34.0,Male,It,Technician,Master,Single,9763.0,7,No,4,No,,
1461,Vicki Robertson,44.0,Male,Sales,Consultant,Master,Married,8276.0,7,No,3,No,,
3281,Brittany Hernandez,32.0,Female,Sales,Analyst,Bachelor,Married,14449.0,10,No,5,Yes,,
1565,Luis Bean,25.0,Female,It,Technician,Master,Single,8814.0,1,No,1,Yes,2017-12-07,
7143,Mr. Daniel Miller,39.0,Female,It,Manager,Phd,Divorced,6453.0,10,No,1,No,,
5584,Alexis Cox,56.0,Female,Hr,Manager,Bachelor,Married,8983.0,9,No,4,No,,
7300,Sheri Ellis,53.0,Female,Hr,Consultant,Phd,Married,7393.0,10,Yes,5,Yes,,
7349,Joseph Buck,47.0,Male,Sales,Executive,High School,Single,3890.0,0,Yes,4,No,,
5648,Ashley Alvarado,58.0,Female,Sales,Engineer,Bachelor,Married,5451.0,1,Yes,3,Yes,2023-07-05,2024-05-07
4972,Deborah Morrison,22.0,Male,Finance,Consultant,Bachelor,Divorced,2782.0,2,Yes,3,No,2016-02-07,
4153,William Baker,35.0,Female,Sales,Consultant,Phd,Single,12582.0,5,Yes,5,Yes,,
9530,Natalie Wong,51.0,Male,R&D,Consultant,Phd,Divorced,8814.0,13,Yes,2,No,,
5465,David Moore,45.0,Female,Sales,Engineer,High School,Divorced,12468.0,1,No,3,No,,
4702,Cindy Krause,24.0,Female,Hr,Executive,Master,Single,10263.0,1,No,3,No,,
2987,Billy Doyle,40.0,Male,Sales,Consultant,High School,Married,5475.0,14,No,3,Yes,,
4729,Regina Smith,31.0,Male,Hr,Engineer,Bachelor,Single,5609.0,8,Yes,1,No,,2030-05-13
7662,Terry Mitchell,52.0,Female,R&D,Technician,High School,Single,7197.0,3,No,1,No,,
4845,Brandon Gibbs,43.0,Male,Unknown,Engineer,Master,Single,9153.0,9,No,5,Yes,,
1790,Dawn Duncan,40.0,Male,R&D,Analyst,Bachelor,Married,2906.0,13,Yes,5,Yes,,
4322,Joshua Tran,41.0,Male,Sales,Analyst,Bachelor,Married,5213.0,12,Yes,3,No,,2028-11-21
9993,Donna Hoover,35.0,Female,Hr,Engineer,Master,Married,13393.0,7,Yes,5,Yes,,
8910,Melissa Gould,50.0,Female,Sales,Executive,High School,Single,3145.0,10,Yes,3,Yes,2016-01-05,
1856,Curtis Hayden,40.0,Male,It,Technician,High School,Divorced,8568.0,2,Yes,3,Yes,,
8870,Sierra Dunn,49.0,Male,R&D,Executive,Bachelor,Single,12266.0,10,Yes,3,No,,
4240,Brian Brown,40.0,Female,Hr,Executive,High School,Divorced,13844.0,14,No,4,No,,2039-08-25
8943,Dalton Martin,36.0,Female,R&D,Executive,Bachelor,Married,14145.0,2,No,1,Yes,,
1931,Katherine Valentine,44.0,Female,Unknown,Engineer,Phd,Single,2509.0,4,No,2,Yes,,
8572,Debra Clayton,58.0,Male,Hr,Engineer,Phd,Divorced,9041.0,4,No,3,Yes,,
9213,Brittany Moore,43.0,Female,It,Manager,Master,Single,12730.0,14,Yes,4,Yes,,
8507,Michael Haas,54.0,Male,R&D,Manager,High School,Divorced,13093.0,0,No,4,No,,
2878,Jeffrey Martinez,31.0,Female,R&D,Engineer,Master,Divorced,3219.0,8,No,5,Yes,,
1734,Stephanie Jones DDS,35.0,Male,It,Manager,Phd,Single,12685.0,13,Yes,4,Yes,,
4370,Zachary Bowers,32.0,Male,Sales,Manager,Phd,Divorced,11620.0,4,No,3,Yes,,
8132,Dr. Candace Jensen,50.0,Female,It,Executive,Master,Married,10682.0,13,Yes,1,No,,
2047,John Smith,37.0,Male,Finance,Engineer,Bachelor,Divorced,4696.0,11,No,1,Yes,2023-03-06,
2298,Sheri Tran,45.0,Female,Hr,Manager,Bachelor,Married,7422.0,1,Yes,2,No,,2025-05-20
9847,Robert Cordova,52.0,Male,R&D,Executive,High School,Married,11412.0,5,Yes,2,No,2024-03-02,
7881,Phillip Schultz,43.0,Male,Hr,Analyst,High School,Single,10503.0,10,No,1,Yes,,
5879,Terry Bailey,41.0,Male,Hr,Consultant,Bachelor,Married,8957.0,8,No,4,No,,2027-07-26
7438,Mr. Patrick Castillo,37.0,Female,Sales,Engineer,Phd,Single,6906.0,3,No,3,Yes,2022-09-08,
9674,Roy Kane,44.0,Male,R&D,Engineer,Bachelor,Divorced,12623.0,2,Yes,5,No,,
3880,Howard Ellis,55.0,Female,Hr,Analyst,Master,Single,2582.0,8,No,4,No,,2019-04-20
7412,Julie Singh,24.0,Female,Hr,Technician,High School,Divorced,3056.0,6,No,3,Yes,,
7730,Jeremiah Nelson,26.0,Male,Sales,Consultant,Phd,Married,3097.0,9,Yes,1,No,2024-02-06,
6747,Brian Gonzales,40.0,Male,Finance,Executive,High School,Divorced,14673.0,4,No,4,Yes,,2026-05-14
8338,Steven Collins,56.0,Male,It,Technician,Bachelor,Married,11942.0,11,No,4,No,,
5068,Amanda Jordan,39.0,Male,It,Technician,Master,Married,12596.0,13,No,4,No,,
4078,Melissa Jones,32.0,Male,It,Engineer,Phd,Married,5047.0,1,Yes,1,Yes,,
5718,Lauren Burnett,51.0,Male,It,Analyst,Master,Divorced,4306.0,8,Yes,3,No,,
4701,Todd Rodriguez,42.0,Male,Hr,Engineer,Phd,Single,8526.0,7,No,5,Yes,,2028-03-19
5542,Christopher Nunez,59.0,Male,Sales,Executive,Master,Divorced,8813.0,12,Yes,5,No,,
9440,Frank Chen,20.0,Female,Sales,Engineer,Bachelor,Married,13620.0,11,No,5,Yes,,
3386,Kevin Kennedy,49.0,Female,Hr,Manager,High School,Single,7012.0,3,Yes,1,Yes,,
9985,Shelby Kirby,29.0,Female,It,Analyst,High School,Divorced,8818.0,2,Yes,1,Yes,,
4052,Ronald Lawrence,29.0,Female,Hr,Executive,High School,Divorced,6956.0,1,No,5,Yes,2019-11-01,
5469,Timothy Williams,55.0,Female,Finance,Manager,High School,Divorced,10343.0,6,Yes,2,No,,
4248,Paul Wagner,37.0,Male,Hr,Technician,High School,Married,3344.0,4,No,4,Yes,,
3056,Jared Wood,50.0,Male,Finance,Technician,Master,Divorced,4310.0,11,No,2,Yes,2013-07-01,2024-01-07
5913,Devin Parks,24.0,Male,R&D,Manager,Bachelor,Married,8535.0,0,No,1,No,,
8549,Daniel Nguyen Jr.,28.0,Female,It,Engineer,Phd,Divorced,7847.0,11,No,5,No,2015-03-03,
8985,Shannon Lucas,22.0,Male,Unknown,Analyst,Master,Married,10079.0,13,Yes,4,Yes,,
9937,Randy Page,48.0,Female,It,Executive,High School,Married,8814.0,10,No,5,No,2023-04-12,
2323,Victor Martin,26.0,Female,Finance,Technician,Phd,Single,13248.0,11,Yes,2,Yes,,
2054,Charles Smith DVM,57.0,Male,Finance,Analyst,Bachelor,Single,8814.0,7,Yes,3,Yes,2022-09-10,2029-10-09
3073,Robert Burke,52.0,Female,R&D,Technician,Phd,Divorced,10388.0,12,Yes,3,No,2011-03-03,
7325,Heidi Collins MD,44.0,Female,Finance,Consultant,Bachelor,Divorced,3824.0,6,No,3,No,,
8459,Keith White,55.0,Male,It,Engineer,High School,Married,13720.0,7,No,3,Yes,,
3641,William Garcia,46.0,Male,R&D,Technician,Bachelor,Married,14869.0,13,Yes,1,Yes,,
2517,Dylan Clark,28.0,Female,R&D,Technician,High School,Married,8814.0,6,Yes,4,No,,2021-12-18
8648,Alison Gray,44.0,Female,It,Manager,Master,Married,7895.0,10,No,4,No,,
6804,Taylor Murphy,33.0,Female,It,Consultant,Master,Married,9679.0,8,No,1,Yes,2016-04-02,
2843,Kenneth Hammond,48.0,Female,Finance,Executive,Bachelor,Married,10840.0,9,No,3,Yes,2025-06-06,
1345,David Martinez,50.0,Female,Finance,Manager,Phd,Divorced,11806.0,10,No,4,Yes,,
4005,Carla Jackson,42.0,Male,R&D,Manager,Bachelor,Single,11144.0,13,Yes,2,Yes,,
6680,Melanie Moyer,50.0,Female,Finance,Manager,Phd,Single,8814.0,12,Yes,4,Yes,,
3544,Donald Marsh,53.0,Male,Sales,Executive,High School,Married,2630.0,2,No,5,No,,2014-03-27
5462,Gene Lee,25.0,Female,Sales,Executive,High School,Divorced,10979.0,6,No,2,Yes,,
8672,Derrick Ramos,54.0,Male,Hr,Technician,Master,Married,13921.0,12,No,4,No,,
7153,Gregg Chandler,48.0,Female,Hr,Technician,High School,Married,6922.0,8,Yes,3,Yes,,
5724,Jonathan Gonzalez,51.0,Female,R&D,Analyst,High School,Divorced,2806.0,4,No,5,Yes,,
1195,Robert Clay,46.0,Male,Unknown,Executive,High School,Single,13833.0,0,No,1,No,,2017-09-26
8606,Valerie Thomas,55.0,Female,R&D,Executive,High School,Divorced,2895.0,2,Yes,5,Yes,,
5366,Kelly Robbins,34.0,Female,R&D,Manager,Phd,Divorced,7667.0,7,No,4,Yes,,
2517,Dylan Clark,28.0,Female,R&D,Technician,High School,Married,7154.0,6,Yes,4,No,,
6669,Jackie White,40.0,Male,Sales,Technician,High School,Married,7954.0,8,No,2,No,2025-02-04,
1845,Kimberly Shields,45.0,Male,Finance,Engineer,High School,Married,11467.0,0,No,4,No,,
2740,Renee Ramos,25.0,Female,Finance,Technician,Bachelor,Single,2617.0,14,Yes,5,No,,
5121,Shannon Wilson,22.0,Male,Unknown,Manager,Master,Single,4091.0,12,Yes,3,Yes,,
2620,Sarah Wiggins,58.0,Female,Sales,Analyst,Master,Divorced,8250.0,11,No,3,Yes,2024-11-03,
6877,Justin Johnson,21.0,Female,R&D,Manager,Phd,Divorced,10119.0,10,Yes,5,No,,
7324,Heidi Jackson,20.0,Female,Hr,Technician,Master,Divorced,7915.0,2,Yes,2,Yes,,2021-09-30
4928,Nathan Vasquez,57.0,Female,Unknown,Technician,Master,Single,14030.0,2,No,3,Yes,,2026-06-13
8650,Sandra Vincent,49.0,Female,Finance,Consultant,Master,Divorced,9468.0,2,Yes,3,No,,
1824,Carol Arnold,42.0,Male,Finance,Analyst,Bachelor,Single,4000.0,7,Yes,5,No,2011-01-09,2018-09-01
4834,Amanda Hancock,49.0,Female,Hr,Manager,Bachelor,Single,5471.0,6,No,3,Yes,2015-01-07,
6278,Robert Stone,55.0,Female,It,Consultant,Phd,Divorced,12553.0,8,No,1,Yes,,
6847,Michael Decker,39.0,Male,R&D,Engineer,Master,Divorced,4263.0,11,Yes,2,No,,
7029,Benjamin White,30.0,Female,Unknown,Engineer,Phd,Single,5778.0,11,No,1,No,,
5933,Kelly Arnold,51.0,Female,Hr,Technician,Master,Married,6310.0,1,Yes,2,No,2022-02-07,
8436,Zachary Odonnell,40.0,Female,Sales,Consultant,Bachelor,Single,7376.0,2,No,3,Yes,2018-12-09,2020-09-12
5532,Leslie Mcbride,48.0,Male,It,Engineer,Bachelor,Single,3677.0,4,Yes,1,No,2015-08-07,2019-07-08
4172,James Frank,38.0,Female,It,Technician,Phd,Divorced,10037.0,2,Yes,2,Yes,,
1202,Jeffrey Mills,49.0,Female,Hr,Technician,Phd,Married,8297.0,11,Yes,4,Yes,,
6484,Abigail Parsons,54.0,Male,R&D,Engineer,Bachelor,Married,10899.0,8,Yes,5,Yes,,
7782,Craig Haynes,27.0,Female,R&D,Engineer,Master,Single,14552.0,0,Yes,5,Yes,2018-04-03,
7471,Rhonda Jones,51.0,Male,It,Engineer,Bachelor,Single,14824.0,6,Yes,2,Yes,,
7902,Rodney Simpson,51.0,Female,Unknown,Consultant,Master,Divorced,12379.0,6,No,1,No,,
4232,Jonathan Ortiz,42.0,Male,R&D,Consultant,High School,Divorced,6994.0,7,No,3,Yes,,
6361,Patricia Gilbert,25.0,Female,It,Technician,Phd,Single,13305.0,1,Yes,1,No,,
7582,Nathaniel Riddle,27.0,Male,R&D,Analyst,High School,Married,9109.0,5,Yes,1,Yes,,
4429,Michael Barber,35.0,Male,Hr,Executive,Master,Divorced,8814.0,5,Yes,3,Yes,,
6511,Brandon Jacobs,55.0,Female,It,Manager,Master,Single,9769.0,6,Yes,3,No,,
8841,Sarah Whitaker,27.0,Male,R&D,Consultant,Master,Single,3361.0,13,Yes,4,No,,
6673,Alyssa Burnett,31.0,Male,Hr,Analyst,Phd,Married,3841.0,8,Yes,2,No,,
7485,Daniel Oconnor,34.0,Male,Finance,Engineer,Phd,Divorced,5132.0,0,Yes,4,No,,
9346,Danielle Barrera,41.0,Male,Hr,Manager,Phd,Divorced,12378.0,2,Yes,5,No,,
8871,Stacey Dominguez,27.0,Male,Finance,Consultant,Bachelor,Married,3112.0,6,No,1,Yes,2011-09-05,
3477,Elizabeth Hamilton,47.0,Male,It,Analyst,Bachelor,Married,8092.0,10,Yes,2,Yes,2023-07-12,
3878,John Campbell,40.0,Male,It,Consultant,Bachelor,Married,3169.0,0,No,1,No,,
2625,Antonio Brewer,38.0,Female,Hr,Manager,Phd,Married,3158.0,12,No,4,Yes,,
4600,Terri Pruitt,40.0,Female,Sales,Consultant,Bachelor,Single,4885.0,9,No,4,No,2016-12-12,
6942,Donald Pugh,32.0,Male,Sales,Analyst,Bachelor,Divorced,13299.0,12,Yes,5,No,,
7070,Jason Vazquez,38.0,Male,Finance,Engineer,High School,Divorced,14674.0,14,Yes,2,No,,2033-01-18
3578,Michael Parker,53.0,Female,R&D,Executive,High School,Married,14490.0,12,Yes,3,Yes,,2029-08-20
6493,Robert Yates,27.0,Male,It,Analyst,High School,Divorced,9930.0,7,Yes,2,Yes,,2018-03-11
1478,Dr. Justin Nichols,36.0,Male,Finance,Executive,Master,Married,13093.0,0,No,1,No,,
8842,Catherine Wheeler,40.0,Female,Sales,Manager,High School,Married,10060.0,7,Yes,1,Yes,,
1977,Jimmy Sanchez,31.0,Male,Sales,Executive,High School,Single,5697.0,0,Yes,1,No,,
3207,Sandy Johnson,40.0,Male,R&D,Technician,High School,Married,12781.0,1,Yes,3,Yes,2012-10-08,2013-08-10
6836,Victor Ali,58.0,Male,Hr,Manager,Bachelor,Single,6978.0,3,No,1,Yes,2017-04-10,
9098,Paul Lowe,32.0,Male,Finance,Engineer,Phd,Single,7708.0,5,No,1,No,,
4374,Joseph Roth,29.0,Female,Finance,Engineer,Phd,Married,13993.0,13,No,2,No,,
2547,Allison Payne,54.0,Female,It,Technician,Bachelor,Married,12831.0,13,Yes,3,No,2012-04-11,2025-11-04
8401,Julia Callahan,40.0,Female,It,Consultant,Master,Single,14758.0,2,Yes,2,Yes,,
4455,Brendan Bishop,55.0,Female,Hr,Analyst,Bachelor,Divorced,11301.0,5,Yes,5,No,,
5059,Keith Shelton,30.0,Male,Hr,Engineer,High School,Divorced,14137.0,14,Yes,2,Yes,,
9345,Cynthia Stein,35.0,Female,It,Manager,Master,Single,8378.0,7,No,2,Yes,,
8208,Dr. Christopher Bennett,39.0,Male,R&D,Executive,High School,Single,8134.0,12,No,1,No,,2035-05-29
1366,Kathleen Hess,21.0,Female,Sales,Manager,Bachelor,Divorced,7551.0,0,No,5,Yes,,
8201,Gwendolyn Strong,29.0,Male,Hr,Manager,High School,Single,3369.0,2,No,1,No,,
4142,Becky Williams,53.0,Male,Sales,Engineer,High School,Single,14206.0,9,No,4,Yes,,2033-02-18
3258,Curtis Meyers,40.0,Female,It,Executive,Master,Divorced,7170.0,14,No,2,No,2017-05-01,
1520,Tammy Sharp,48.0,Male,Sales,Consultant,Phd,Divorced,13136.0,11,Yes,2,Yes,2016-04-11,
7804,Matthew Pacheco,36.0,Female,Finance,Technician,Phd,Divorced,8814.0,0,Yes,4,No,,
2828,Sandra Campbell,20.0,Female,Hr,Technician,Bachelor,Divorced,8043.0,4,Yes,1,Yes,,
8219,Mary Moore,27.0,Male,R&D,Manager,Master,Married,5951.0,10,Yes,3,No,2015-09-11,2025-11-09
9171,Ronald Morgan,54.0,Male,Finance,Manager,Phd,Married,3776.0,0,No,1,No,,
6346,Vanessa Hardy,37.0,Male,Sales,Technician,Phd,Married,4274.0,3,No,3,Yes,,2013-11-14
9381,Terri Holmes,45.0,Female,R&D,Manager,High School,Married,7976.0,14,Yes,1,Yes,,2031-02-17
2403,Jake Hanson,41.0,Male,It,Consultant,Phd,Single,11001.0,7,Yes,5,Yes,,
5646,Valerie Snyder,33.0,Male,R&D,Engineer,Phd,Single,10933.0,8,Yes,3,No,,
7488,Paul Hart,53.0,Male,Hr,Analyst,High School,Married,9186.0,14,Yes,1,Yes,,
1520,Tammy Sharp,48.0,Male,Sales,Consultant,Phd,Divorced,13136.0,11,Yes,2,Yes,2016-04-11,
4761,Emma Estes,57.0,Male,Hr,Consultant,High School,Divorced,12788.0,12,No,1,No,,
4542,Kristen Nichols,20.0,Female,Unknown,Consultant,High School,Divorced,5843.0,4,No,4,Yes,,
4827,Corey Davis,44.0,Male,R&D,Executive,Master,Single,4109.0,1,No,1,No,,
2894,Morgan Kirby,30.0,Female,Sales,Technician,Master,Single,3189.0,13,No,2,Yes,,
8031,Taylor Adams,40.0,Female,It,Technician,Master,Married,7078.0,1,Yes,1,No,,
1697,Tiffany Nicholson,58.0,Male,Sales,Consultant,High School,Married,3161.0,2,Yes,1,No,,
3884,Valerie Watkins,46.0,Male,Hr,Engineer,Phd,Single,4616.0,10,Yes,2,Yes,,
8581,Jennifer Green,40.0,Female,Finance,Consultant,High School,Divorced,4795.0,3,Yes,3,Yes,,
8729,Christine Nolan,55.0,Male,It,Technician,Phd,Married,14034.0,13,Yes,4,Yes,,
9272,Rhonda Chavez,52.0,Female,R&D,Manager,Phd,Single,14683.0,5,Yes,1,No,2025-05-03,
2822,Marco Campbell,38.0,Female,Hr,Consultant,High School,Divorced,3161.0,1,Yes,5,Yes,,
1778,Lisa Sanford,27.0,Female,R&D,Technician,Phd,Divorced,10470.0,14,No,4,Yes,2019-11-01,
2295,Abigail Fitzpatrick,33.0,Female,Sales,Executive,High School,Married,11562.0,14,Yes,3,Yes,,
5916,Sophia Foster,31.0,Female,It,Analyst,Bachelor,Single,13651.0,4,Yes,3,Yes,2025-08-10,
5867,Sean Fuentes,56.0,Male,Hr,Manager,Bachelor,Single,9739.0,3,Yes,5,Yes,,
3690,Ian Duncan,29.0,Female,Finance,Engineer,Phd,Single,10138.0,4,Yes,2,No,,
1390,Gregory Johnson,47.0,Female,It,Analyst,Master,Divorced,14257.0,6,Yes,5,Yes,,
4430,Donna Diaz,41.0,Male,R&D,Executive,High School,Divorced,3887.0,2,Yes,2,Yes,,
3931,Mary Nelson,55.0,Male,Hr,Engineer,Master,Single,12560.0,9,No,2,No,,
7078,Amanda Rowe,31.0,Male,Hr,Consultant,Master,Married,4055.0,6,Yes,5,Yes,,
8584,Alex Mccormick,41.0,Male,Sales,Technician,Phd,Divorced,7280.0,4,Yes,1,Yes,,
9776,Steven Wolf,26.0,Female,It,Executive,Master,Single,8814.0,13,Yes,5,No,,
9786,Sandra Thompson,31.0,Male,Sales,Manager,Master,Married,9647.0,7,No,3,No,,
6347,Mr. Xavier Henry,32.0,Male,R&D,Technician,Phd,Single,8364.0,13,No,3,No,,
7876,Adam Simpson,37.0,Female,It,Executive,High School,Married,14315.0,12,No,1,Yes,,
8116,Eric Washington,32.0,Male,Unknown,Executive,Bachelor,Married,13904.0,10,No,3,No,,
2012,Rhonda Mann,27.0,Male,Sales,Engineer,Master,Single,12010.0,7,Yes,1,No,,
4152,Renee Anthony,26.0,Male,Sales,Technician,Bachelor,Married,12537.0,3,No,4,Yes,,
4949,Michael Morgan,22.0,Male,Unknown,Analyst,Bachelor,Divorced,6244.0,10,Yes,2,Yes,,
8347,Kevin Cain,47.0,Male,It,Analyst,Bachelor,Married,5776.0,1,No,1,Yes,,
9841,David Hernandez,52.0,Male,R&D,Analyst,Master,Married,6926.0,9,No,3,No,,2021-05-30
4461,Maria Cole,38.0,Male,Hr,Executive,Phd,Married,9482.0,5,No,2,Yes,,
6720,Zachary Schmitt,38.0,Male,R&D,Engineer,Phd,Divorced,4755.0,2,No,1,Yes,,
4201,Alicia Webb DDS,23.0,Female,Sales,Analyst,High School,Married,10759.0,8,No,2,No,,
6312,Natalie Hopkins,34.0,Female,Hr,Executive,Phd,Divorced,10685.0,12,No,3,No,,
8524,Danielle Davis,32.0,Male,R&D,Manager,Bachelor,Divorced,4381.0,2,Yes,1,No,2016-11-01,
2673,Megan Thomas,35.0,Female,Finance,Consultant,Bachelor,Single,14718.0,4,Yes,2,Yes,,
6596,Robert Carlson,51.0,Female,Sales,Technician,Master,Single,9355.0,5,No,2,No,2016-12-07,
2626,Sean Robbins,46.0,Female,R&D,Engineer,Master,Married,7186.0,10,No,2,Yes,,
5828,Cynthia Reid,54.0,Female,R&D,Technician,Master,Single,13466.0,1,Yes,3,No,,
8422,Jaime Jones,56.0,Male,It,Consultant,Phd,Married,8814.0,6,Yes,2,No,,
3111,Lauren Miller,37.0,Male,It,Engineer,Master,Married,10178.0,1,Yes,5,Yes,2022-08-11,
9547,Rachel Williams,43.0,Male,R&D,Engineer,Bachelor,Married,4527.0,8,Yes,2,No,,2032-02-17
7882,Joan Rodriguez,45.0,Male,Hr,Technician,Master,Single,8746.0,0,No,1,No,2011-01-06,
5559,George Reynolds,49.0,Male,Sales,Manager,Phd,Married,9909.0,7,Yes,4,Yes,2016-03-04,
3492,Crystal Alvarez,22.0,Male,Hr,Technician,High School,Married,4658.0,8,Yes,5,No,,
5934,Brittany Hale PhD,51.0,Male,It,Engineer,High School,Married,6631.0,12,No,5,Yes,,
6737,James Hoover,58.0,Male,Hr,Executive,Phd,Divorced,11143.0,14,No,1,Yes,,
8088,Stacey Schmitt,45.0,Male,It,Manager,High School,Married,14294.0,9,No,4,Yes,2011-06-06,
1099,Julia Allen,47.0,Female,Sales,Technician,Bachelor,Single,5412.0,11,No,4,Yes,,
1214,Crystal Riggs MD,21.0,Male,Hr,Manager,Bachelor,Single,13466.0,5,No,2,No,2024-04-05,
1146,Bryan Watkins,30.0,Female,Finance,Executive,Phd,Divorced,3472.0,5,Yes,2,No,,
8820,Mr. Jeremy Tran MD,21.0,Female,It,Consultant,High School,Divorced,3072.0,2,Yes,2,Yes,,
5821,Courtney Roberts,46.0,Male,Finance,Engineer,High School,Single,10589.0,8,Yes,2,Yes,2019-11-02,
6600,Cheryl Johnston,44.0,Female,R&D,Consultant,High School,Married,9594.0,10,No,4,Yes,,
8955,David Shields,28.0,Female,It,Analyst,Bachelor,Single,13023.0,2,Yes,1,Yes,,
9526,Mary Hampton,30.0,Female,It,Analyst,Phd,Divorced,8814.0,2,Yes,4,Yes,,2014-05-14
1556,Darren Garrett,25.0,Male,Hr,Manager,Master,Married,13349.0,5,Yes,1,Yes,,
9596,Kristopher Suarez,20.0,Male,Finance,Analyst,Phd,Married,11961.0,6,Yes,4,Yes,,
4765,James Flores,52.0,Female,R&D,Manager,High School,Single,6993.0,3,No,2,Yes,,
4136,Jacob Williams,34.0,Male,Finance,Manager,Phd,Married,9502.0,13,No,3,No,2014-01-10,
3329,Tiffany Glenn,35.0,Male,R&D,Consultant,High School,Divorced,8814.0,11,Yes,1,Yes,,
8843,Joseph Mccormick,51.0,Male,Finance,Consultant,Phd,Single,14594.0,9,No,5,Yes,,
6957,Leslie George,42.0,Male,Finance,Technician,Phd,Divorced,8413.0,0,Yes,4,Yes,,
8758,Kathryn Nunez,51.0,Female,It,Engineer,Bachelor,Married,11003.0,4,Yes,5,Yes,,
1949,Dr. Elijah Garcia,57.0,Female,Unknown,Technician,Master,Single,6432.0,12,Yes,2,Yes,,
9945,Todd Walker,40.0,Male,Sales,Analyst,Phd,Single,14880.0,1,Yes,4,No,,
9305,Judy Waller,22.0,Female,Sales,Executive,Master,Married,8814.0,5,Yes,2,Yes,,
9680,Joshua Holmes,44.0,Male,R&D,Engineer,Master,Married,8814.0,14,No,5,No,,
1752,Eric Huffman,27.0,Male,Hr,Executive,Bachelor,Divorced,9617.0,2,No,3,No,2018-11-06,
4437,Christine Henderson,47.0,Male,Finance,Consultant,Phd,Single,4425.0,14,No,1,Yes,2017-05-11,
8826,Michael Williams,45.0,Male,Hr,Manager,Bachelor,Single,13849.0,4,No,2,Yes,2023-08-08,
5037,Amanda Elliott,57.0,Female,R&D,Manager,Bachelor,Married,3598.0,14,Yes,1,Yes,,
3935,Karen Price,36.0,Female,Hr,Executive,Bachelor,Married,14118.0,9,No,5,No,,
5270,Christopher Yates,32.0,Female,Finance,Executive,Bachelor,Single,3812.0,10,No,3,Yes,,2021-04-22
3093,Melinda Stone,47.0,Male,Hr,Engineer,Master,Divorced,7682.0,5,No,4,Yes,,2024-01-05
4943,Joseph Johnson,44.0,Female,R&D,Manager,Master,Married,9904.0,13,No,1,Yes,,
8026,Darryl Perez,51.0,Female,Sales,Analyst,Phd,Divorced,11283.0,13,No,3,No,,
7891,Justin Rivera,30.0,Male,Finance,Engineer,Master,Married,4406.0,13,Yes,5,No,,2025-04-27
1232,Billy Reid,32.0,Male,Sales,Manager,Bachelor,Divorced,13413.0,4,No,2,No,,2026-01-13
6725,Jacob Salazar,24.0,Female,Hr,Technician,Master,Single,3515.0,10,Yes,1,No,2024-02-07,
1367,Zachary Woods,32.0,Female,R&D,Consultant,Phd,Married,9785.0,0,Yes,5,Yes,,
6799,Wendy Barron,46.0,Male,Hr,Executive,Phd,Single,5181.0,8,No,2,Yes,,
9865,Ashley Phelps,41.0,Female,R&D,Consultant,Bachelor,Married,10573.0,11,Yes,5,Yes,,
8542,Savannah Cohen,43.0,Male,Finance,Consultant,Phd,Married,11095.0,9,Yes,5,Yes,2024-10-12,2033-12-10
8144,Christian Guzman,23.0,Female,Sales,Manager,Phd,Divorced,2637.0,12,No,5,No,,
7013,Derek Smith,41.0,Female,It,Executive,Phd,Single,11353.0,10,Yes,4,Yes,,
9894,Kayla Gordon,38.0,Male,Sales,Manager,Phd,Married,6195.0,4,No,2,Yes,,
6980,Rebecca Waller,38.0,Male,Sales,Executive,Phd,Divorced,14367.0,0,Yes,4,No,2016-03-11,
6887,Steven Smith,38.0,Female,R&D,Executive,Master,Divorced,12593.0,9,Yes,1,Yes,2016-05-01,
5122,Christina Ashley,27.0,Female,It,Executive,Master,Married,11635.0,6,No,3,Yes,,
9646,Jorge Williams,45.0,Male,Hr,Engineer,Phd,Single,8814.0,11,No,5,No,,
7964,Eric Alvarado,41.0,Male,It,Analyst,Master,Single,8434.0,2,No,3,Yes,,
4256,Meredith Turner,42.0,Male,Finance,Executive,Phd,Divorced,10664.0,11,No,1,No,,
7164,Joshua Gibson,57.0,Female,Hr,Consultant,Master,Married,4315.0,4,Yes,5,Yes,,
3312,Anne Morris,35.0,Male,It,Technician,High School,Married,13199.0,0,Yes,3,Yes,,
7096,Natalie Parker,38.0,Female,Finance,Executive,Bachelor,Married,7502.0,10,Yes,1,Yes,,
7329,Bridget Hardy,26.0,Male,Finance,Engineer,Phd,Single,4690.0,11,No,4,Yes,,
3032,Wesley Martinez,54.0,Female,Finance,Manager,Phd,Divorced,11350.0,13,No,5,No,2013-06-04,
5168,Samantha Martin,22.0,Male,Sales,Manager,Phd,Single,5677.0,5,Yes,4,Yes,2021-09-02,
8627,Brooke Anderson MD,28.0,Female,Finance,Engineer,High School,Married,14936.0,2,Yes,4,No,,
7118,Elizabeth Willis,42.0,Female,R&D,Consultant,Bachelor,Single,13616.0,7,No,3,No,,
9999,William Jones,24.0,Female,Hr,Executive,Master,Single,13729.0,5,Yes,1,No,2014-12-11,
7186,Brittney White,47.0,Female,Finance,Engineer,High School,Single,6209.0,12,Yes,5,Yes,,
6863,Ronald Frank,27.0,Female,It,Technician,Master,Married,8666.0,5,Yes,3,Yes,,
5626,Richard Garcia,56.0,Male,Hr,Consultant,High School,Divorced,8009.0,0,No,2,Yes,,2024-07-09
2761,Clayton Reese,40.0,Male,Sales,Executive,Bachelor,Single,10499.0,2,No,3,No,,
1264,Julie Berry,38.0,Female,Sales,Analyst,Bachelor,Married,4262.0,3,Yes,5,Yes,2025-03-01,
5523,Jessica Martin,21.0,Female,It,Technician,Master,Single,3468.0,13,No,2,No,,2024-01-28
9184,Richard Schultz,26.0,Male,R&D,Analyst,Master,Single,10457.0,3,No,5,No,,
4788,Amanda Munoz,51.0,Female,Hr,Consultant,High School,Single,5676.0,12,No,3,No,,
9179,Mariah Gardner,40.0,Female,It,Executive,High School,Divorced,3949.0,6,No,4,No,,2030-04-06
6222,Michael Hall,51.0,Male,Finance,Manager,Phd,Single,5962.0,11,Yes,4,No,,
5733,Christine Lopez,37.0,Male,Finance,Analyst,High School,Single,10205.0,1,Yes,5,No,,
2441,Amy Sloan,20.0,Male,It,Engineer,Master,Married,11759.0,14,Yes,5,No,,
4027,Clinton Baxter,58.0,Female,R&D,Consultant,Master,Single,6686.0,12,Yes,5,Yes,,
7551,Charles Ortega,40.0,Male,Sales,Technician,High School,Single,4219.0,14,No,4,Yes,,
1772,Jared Grant,27.0,Male,Finance,Analyst,Master,Single,13217.0,9,Yes,2,No,,
3470,Michelle Cole,56.0,Male,Sales,Consultant,Master,Married,7244.0,5,Yes,3,Yes,,
4996,Jordan Nguyen,29.0,Male,Finance,Engineer,Phd,Married,8429.0,2,Yes,1,No,,
7024,John Miller DDS,34.0,Male,Hr,Manager,Master,Divorced,12232.0,2,No,3,No,,2016-02-28
7066,Matthew Goodwin,45.0,Female,Hr,Analyst,Master,Married,6708.0,7,No,1,No,,2019-12-29
1400,Kim Miller,43.0,Female,R&D,Consultant,Master,Divorced,8814.0,7,Yes,5,No,2012-08-04,
4071,Mercedes Chapman,44.0,Female,Sales,Manager,Bachelor,Divorced,12408.0,12,Yes,4,Yes,,
3809,Mary Rodriguez,31.0,Male,Hr,Analyst,Phd,Married,11704.0,8,No,5,No,,
5314,Chad Lewis,42.0,Female,Hr,Analyst,High School,Divorced,5716.0,11,Yes,5,Yes,2012-12-11,
8355,Michael Jackson,37.0,Female,Hr,Executive,Master,Single,4651.0,11,No,1,No,,
7326,Gina Smith,24.0,Male,Finance,Consultant,Phd,Married,10369.0,14,No,5,Yes,,
4489,Justin Price,30.0,Male,Finance,Analyst,Phd,Married,13885.0,11,Yes,5,Yes,,
3567,Cindy Lee,42.0,Male,Sales,Engineer,Master,Divorced,12229.0,11,No,3,Yes,,
5131,Justin Dominguez,47.0,Male,It,Manager,Master,Single,9489.0,8,Yes,5,No,,
8535,Lee Young,45.0,Male,Finance,Manager,Phd,Married,7713.0,7,No,2,No,,
8413,Taylor King,20.0,Male,R&D,Analyst,High School,Divorced,8238.0,10,No,2,Yes,,
8590,Cory Giles,28.0,Female,R&D,Engineer,Bachelor,Single,9741.0,11,No,5,Yes,,
1247,Brian Hernandez,58.0,Female,It,Executive,Phd,Single,2682.0,4,No,2,No,,
7239,Ricardo Salas,31.0,Male,Hr,Engineer,Master,Married,10467.0,11,Yes,2,Yes,,2031-02-21
5277,Courtney Sutton,47.0,Male,Sales,Consultant,Phd,Divorced,5889.0,7,No,4,No,,
9030,Christopher Kennedy,27.0,Male,Finance,Manager,Bachelor,Divorced,5245.0,9,No,5,Yes,,
6055,Jessica Lopez,34.0,Male,R&D,Consultant,Master,Single,7830.0,3,Yes,5,No,,
5115,Kristin Garcia,42.0,Female,Finance,Technician,Master,Married,10968.0,9,No,5,Yes,,
6438,Casey Simpson,23.0,Female,Hr,Engineer,Bachelor,Divorced,11586.0,4,Yes,2,Yes,,
4218,Paul Gibson,49.0,Female,R&D,Consultant,Master,Single,8137.0,2,Yes,2,Yes,,
8508,Anne Mills,46.0,Female,It,Engineer,Bachelor,Married,12555.0,11,No,3,Yes,,
9172,Aimee Madden,48.0,Male,Hr,Analyst,Master,Married,2777.0,4,No,4,Yes,,
1351,James Gonzales,29.0,Female,It,Engineer,Bachelor,Divorced,13419.0,8,No,5,No,,2022-09-11
5716,Theresa Garza,36.0,Female,Sales,Consultant,Master,Single,14644.0,13,Yes,2,No,,
2800,Rachael Davis,43.0,Female,Hr,Executive,High School,Divorced,13325.0,1,Yes,3,No,2023-07-07,
6487,Sean Vaughan,21.0,Male,Hr,Technician,Phd,Divorced,13353.0,11,No,2,Yes,,
8469,Jacob Rodriguez,38.0,Male,Unknown,Manager,Master,Married,5375.0,4,Yes,5,No,2023-09-08,
4506,Kyle Garcia,37.0,Male,Unknown,Consultant,Master,Divorced,3512.0,0,Yes,2,No,,
3704,Angela Owens,47.0,Male,Sales,Technician,High School,Married,11405.0,4,Yes,2,No,,2017-03-26
5365,James Ortega,30.0,Male,Sales,Engineer,Master,Divorced,4140.0,1,No,4,Yes,,
9953,Bryan Byrd,39.0,Female,R&D,Consultant,Phd,Married,14443.0,10,No,4,Yes,2021-11-12,2031-12-11
9153,Dawn Gould,26.0,Female,Finance,Executive,Master,Divorced,8814.0,11,No,5,Yes,,
4710,Marie Mitchell,54.0,Male,It,Technician,Bachelor,Divorced,5035.0,2,No,4,Yes,,
5114,Steven Jacobson,36.0,Male,Finance,Technician,High School,Married,5635.0,11,No,2,Yes,2017-04-09,
6333,Brenda Cobb,32.0,Female,It,Executive,High School,Divorced,9726.0,3,Yes,2,Yes,,2027-11-26
8660,Justin Schneider,32.0,Male,Finance,Manager,Phd,Divorced,5730.0,8,Yes,4,No,,
9562,Julie Wright,28.0,Female,Hr,Consultant,Phd,Single,6016.0,12,Yes,5,Yes,,
2395,Nicole Williams,26.0,Female,R&D,Technician,Master,Single,5168.0,1,No,3,No,2023-11-02,
7293,Derek Lewis,30.0,Male,It,Analyst,Phd,Divorced,5051.0,2,No,1,No,,
1573,Casey Lee,36.0,Female,Hr,Consultant,Master,Married,7124.0,14,Yes,1,Yes,2025-02-06,
1160,Jennifer Navarro,31.0,Female,Hr,Engineer,High School,Single,7883.0,8,No,1,No,2024-08-02,
9907,William Hudson,46.0,Female,R&D,Executive,Phd,Married,9740.0,12,No,4,No,,
7226,David Lowe,34.0,Female,Hr,Executive,Phd,Married,5541.0,9,Yes,4,Yes,,
5227,Benjamin Townsend,20.0,Female,It,Engineer,Bachelor,Single,4354.0,6,No,3,Yes,2022-10-06,
8149,Jerome Gray,20.0,Female,Sales,Executive,Master,Married,4661.0,3,Yes,3,No,,
8158,Amanda Sparks,23.0,Female,It,Manager,High School,Divorced,8814.0,13,No,2,No,,2037-12-05
1430,Edwin Watson,31.0,Female,Finance,Manager,Phd,Single,6081.0,8,Yes,3,Yes,,2030-03-28
3280,Dr. Jerry Young,29.0,Male,R&D,Consultant,Phd,Single,3974.0,12,No,2,Yes,,
4521,John Garrison,36.0,Female,It,Consultant,Master,Married,9601.0,3,Yes,2,No,2023-09-06,
2577,Dale Hardy,23.0,Female,It,Consultant,Phd,Married,10147.0,14,Yes,4,No,2018-07-02,
1153,Susan Henson,24.0,Male,It,Consultant,Master,Married,7057.0,7,No,1,No,,
3677,Wendy Ramirez,49.0,Female,Sales,Consultant,High School,Divorced,12057.0,9,Yes,1,No,,
7314,Tammy Shields,38.0,Female,Sales,Analyst,High School,Single,3888.0,6,Yes,3,No,,
2257,Donna Smith,39.0,Male,It,Executive,High School,Single,13632.0,0,No,5,No,,
1839,Xavier Patterson,38.0,Female,Hr,Engineer,Master,Single,9980.0,2,Yes,3,No,,
3909,Aaron Molina,42.0,Female,R&D,Analyst,Master,Divorced,4189.0,13,Yes,3,Yes,,
7348,Daniel Johnson,21.0,Male,It,Analyst,Master,Divorced,2594.0,12,No,3,No,,
6960,Jeffrey Walton,40.0,Female,R&D,Executive,High School,Divorced,7227.0,6,Yes,1,No,,
6471,Dennis Martin,48.0,Male,Finance,Executive,High School,Single,10507.0,5,No,3,Yes,,2027-12-06
5697,Rita Stout,54.0,Female,Sales,Consultant,Master,Divorced,4048.0,11,No,2,Yes,,2031-10-14
2819,Cynthia Johnson,59.0,Male,R&D,Analyst,High School,Single,11275.0,13,No,2,No,2018-08-01,
1946,Mr. Robert Lawson,29.0,Male,Hr,Manager,Bachelor,Single,6678.0,4,Yes,5,No,,
3562,Deanna Washington,59.0,Female,It,Executive,Master,Married,6308.0,11,Yes,4,Yes,,
5672,Thomas Becker,26.0,Male,Hr,Technician,High School,Single,13871.0,10,No,5,No,,2028-01-19
2123,Laurie Kelly,54.0,Male,R&D,Manager,Master,Married,8369.0,11,Yes,5,Yes,,
8557,Brenda Mclaughlin,50.0,Female,Hr,Manager,Phd,Single,5874.0,12,No,4,Yes,,
3670,Catherine Dominguez,58.0,Male,Hr,Analyst,Bachelor,Divorced,3501.0,6,Yes,3,No,,
8248,Rebecca Ortega,58.0,Female,R&D,Analyst,High School,Divorced,13849.0,2,No,3,Yes,,
7609,Jorge Tran,49.0,Male,Sales,Executive,Master,Single,12006.0,11,No,1,Yes,,
8522,Logan Dickson,37.0,Male,It,Technician,High School,Single,11166.0,6,Yes,2,Yes,,
7622,Robert Freeman,55.0,Female,Hr,Technician,Master,Divorced,7755.0,8,Yes,1,Yes,,
6280,John Sims,48.0,Female,R&D,Technician,Bachelor,Single,6890.0,0,No,3,Yes,,
8103,James Murphy,34.0,Female,Finance,Technician,Bachelor,Single,8168.0,0,Yes,2,Yes,,
2148,Christina Williams,24.0,Female,R&D,Analyst,Phd,Married,8969.0,11,No,2,Yes,,
9775,Shawn Matthews,21.0,Male,R&D,Engineer,High School,Single,7605.0,11,No,4,Yes,,
5265,Christopher Berry,20.0,Female,R&D,Engineer,Phd,Divorced,10713.0,5,Yes,2,Yes,,
6919,Stacy Barrett,33.0,Male,Finance,Technician,High School,Married,4671.0,5,No,4,Yes,,
2135,Bradley Fox,25.0,Female,R&D,Engineer,Bachelor,Married,12055.0,6,Yes,3,Yes,,
1559,Brenda Burnett,24.0,Male,Sales,Executive,Bachelor,Divorced,14326.0,10,No,4,Yes,2020-06-09,
2603,James Chapman,40.0,Male,Hr,Executive,Phd,Married,3848.0,4,Yes,3,Yes,2011-08-03,
8346,Andrew Sims,41.0,Female,Hr,Executive,Bachelor,Single,9504.0,4,Yes,4,No,,2022-11-24
1622,Alicia Evans,21.0,Male,Sales,Engineer,Phd,Divorced,13083.0,5,No,2,No,,
7779,Nathan Schwartz,47.0,Male,Hr,Manager,Master,Married,13471.0,11,No,5,No,,
7407,Evan Barnes,30.0,Male,It,Engineer,Master,Married,9488.0,13,No,3,No,,
9668,Shawn Stewart,54.0,Male,Sales,Manager,High School,Divorced,9821.0,7,No,4,No,,2023-11-26
3707,Mark Bennett,53.0,Male,It,Analyst,Master,Divorced,8814.0,6,No,5,No,,
3206,Erica Mora,38.0,Female,It,Engineer,High School,Married,10242.0,7,No,5,Yes,,2023-10-12
2799,Anthony Bates,45.0,Male,Sales,Executive,Phd,Divorced,7723.0,3,Yes,4,No,,2028-03-11
7778,Keith Bailey,31.0,Female,Finance,Technician,Bachelor,Single,4122.0,9,No,2,Yes,2011-01-10,
7252,Jennifer Murray,24.0,Male,It,Manager,Phd,Married,8672.0,1,No,2,No,,2012-09-16
4135,Mrs. Angela Caldwell,58.0,Male,Sales,Engineer,Bachelor,Married,8814.0,8,Yes,1,Yes,2013-04-08,
4944,Kathleen Johnson,41.0,Male,It,Engineer,Master,Married,4516.0,7,No,3,No,2017-04-01,
6317,Kayla Adams,31.0,Female,R&D,Engineer,Master,Married,12397.0,5,Yes,2,No,,
5686,Leslie Mata,31.0,Male,R&D,Technician,Phd,Single,3060.0,9,No,5,No,,
4463,Erin Garcia,28.0,Female,It,Executive,Master,Single,13622.0,6,Yes,4,Yes,,
8056,Scott Hayes,44.0,Male,Sales,Executive,Master,Single,4125.0,14,Yes,1,No,,
2497,Virginia Ballard,53.0,Female,R&D,Executive,Master,Married,8814.0,2,Yes,4,Yes,,
2750,Jeremy Johnson,33.0,Male,Sales,Analyst,High School,Divorced,8767.0,10,Yes,2,No,2012-10-11,
5413,Michelle Benson,40.0,Male,Sales,Technician,Bachelor,Married,9794.0,10,Yes,2,Yes,,
6468,David Martinez,38.0,Female,Finance,Consultant,Master,Married,7321.0,8,No,3,No,,
7408,Pamela King,44.0,Male,It,Technician,Master,Divorced,5005.0,8,No,3,Yes,,
2602,Patrick Norris,53.0,Female,Finance,Engineer,Master,Single,2697.0,3,Yes,2,No,,
8110,Mary Wang,34.0,Female,R&D,Executive,Phd,Single,8242.0,3,Yes,3,Yes,2018-07-12,
8603,Alfred Sanchez,57.0,Male,Sales,Executive,Phd,Divorced,2715.0,14,Yes,2,Yes,,
9029,Glen Morris,26.0,Male,R&D,Engineer,High School,Married,7443.0,1,No,4,Yes,,
5299,Alexander Lopez,47.0,Female,Sales,Technician,Phd,Married,12576.0,3,No,3,Yes,2018-01-11,
5343,Elizabeth Hawkins,49.0,Male,Sales,Executive,Phd,Divorced,14894.0,7,Yes,5,Yes,2017-03-01,
9149,Jennifer Townsend,35.0,Female,Finance,Analyst,High School,Divorced,5583.0,6,Yes,3,Yes,,
2146,Sara Smith,54.0,Female,Hr,Executive,Bachelor,Single,14239.0,4,Yes,4,No,,
4169,Tanya Roberson,39.0,Female,Hr,Executive,Master,Single,8277.0,13,Yes,1,No,,
3185,Ellen Ruiz,31.0,Female,Sales,Manager,High School,Divorced,12985.0,5,No,1,Yes,,
4101,Arthur Heath,37.0,Female,Hr,Technician,Bachelor,Married,13951.0,13,Yes,1,No,,
6044,Maria Rodriguez,46.0,Female,Hr,Executive,High School,Divorced,8308.0,3,Yes,3,Yes,,
7508,William Clark,40.0,Male,Unknown,Manager,High School,Single,8870.0,14,Yes,1,No,,
1967,Clarence Hampton,53.0,Female,R&D,Consultant,Phd,Single,5464.0,12,No,4,No,,
3436,Mary Baldwin,36.0,Female,Hr,Consultant,Master,Divorced,8814.0,12,No,1,No,,
5154,Jeffrey Cole,36.0,Male,Finance,Executive,High School,Married,13675.0,6,No,3,Yes,2022-08-04,
6237,Amanda Schmidt,33.0,Male,Finance,Analyst,Master,Divorced,11280.0,1,No,5,Yes,,
4277,Antonio Walker,53.0,Female,Finance,Executive,Phd,Divorced,3130.0,2,Yes,1,Yes,,2022-12-28
7587,Jody Johnson,22.0,Female,Sales,Engineer,Bachelor,Single,8728.0,8,Yes,2,Yes,,
4192,Jenna Roberts,26.0,Male,Finance,Analyst,Phd,Married,5303.0,6,Yes,1,Yes,,2027-11-17
6727,Christopher Wood,40.0,Male,It,Manager,High School,Married,8814.0,8,No,5,No,,
7771,Danielle Hunt,53.0,Male,Finance,Analyst,High School,Single,13248.0,5,No,4,No,,
2849,Ashlee Love,52.0,Female,It,Engineer,High School,Married,11460.0,11,No,5,Yes,,
7567,Ryan Sanders,33.0,Female,Unknown,Consultant,High School,Divorced,11825.0,14,Yes,4,No,,
7524,Lisa Page,40.0,Female,Finance,Technician,Bachelor,Divorced,13501.0,13,No,4,Yes,,2027-12-30
2691,Beth Carlson,22.0,Male,Sales,Engineer,Master,Divorced,10472.0,3,Yes,2,No,,
8804,Kirk Ball,34.0,Male,Sales,Technician,Bachelor,Divorced,5742.0,6,No,4,No,,
2212,John Sanchez,41.0,Female,R&D,Executive,High School,Divorced,9481.0,12,Yes,3,Yes,,
9070,Jonathan Taylor,49.0,Male,Hr,Executive,Phd,Divorced,9970.0,13,No,5,No,2016-01-03,
7483,David Sullivan,46.0,Female,R&D,Executive,Master,Divorced,2770.0,8,No,1,Yes,2012-01-01,
8575,Gary Brown,50.0,Male,Sales,Analyst,Bachelor,Divorced,6905.0,13,Yes,3,No,2022-12-09,2035-09-12
7664,Joseph Garcia,58.0,Female,Finance,Analyst,Bachelor,Married,11614.0,13,Yes,4,Yes,,
9582,Matthew Green,31.0,Female,Sales,Manager,High School,Married,10580.0,1,No,2,Yes,,
8363,Ashley Duffy,45.0,Female,It,Engineer,Phd,Married,14646.0,11,No,2,No,,
6039,Katie Le,47.0,Male,Hr,Analyst,Phd,Married,9811.0,14,Yes,2,Yes,,
4414,Joshua Benitez,39.0,Male,R&D,Engineer,Bachelor,Married,11999.0,0,Yes,3,Yes,,2024-10-14
3113,Susan Watkins,42.0,Male,R&D,Executive,Master,Divorced,8814.0,11,No,3,No,,
9928,Brian Hayes,54.0,Female,Finance,Analyst,Bachelor,Married,11202.0,8,Yes,4,Yes,,
8446,Dillon Jackson DDS,49.0,Female,Finance,Technician,High School,Single,5552.0,6,No,1,Yes,,2027-06-07
7573,James Ruiz,23.0,Male,Finance,Technician,Phd,Married,11594.0,11,Yes,1,Yes,,
8972,Erica Cole,38.0,Male,R&D,Executive,Bachelor,Married,8814.0,14,Yes,5,No,,
7882,Joan Rodriguez,45.0,Male,Hr,Technician,Master,Single,8746.0,0,No,1,No,2011-01-06,
5688,William Lambert,38.0,Female,R&D,Consultant,Phd,Single,14081.0,2,No,3,Yes,,
8402,Douglas Erickson,59.0,Female,It,Technician,Phd,Married,12942.0,1,No,4,No,,
2927,Richard Gallagher,28.0,Male,R&D,Executive,Bachelor,Married,2706.0,10,No,1,No,,
9311,Jennifer Pope,46.0,Male,Finance,Analyst,Master,Single,9189.0,5,Yes,2,No,,
7930,Anthony Thomas PhD,57.0,Male,R&D,Manager,Bachelor,Divorced,4328.0,13,No,1,Yes,,
1598,Latoya Garcia,37.0,Male,R&D,Engineer,Bachelor,Divorced,8976.0,0,Yes,2,No,,
9353,Russell Boyd,37.0,Male,R&D,Consultant,Master,Divorced,13480.0,12,No,4,No,,2033-05-12
9372,Joshua Griffin,37.0,Male,R&D,Analyst,Master,Married,7510.0,8,Yes,3,No,,2024-08-21
4916,Kelly Hester,23.0,Female,R&D,Technician,High School,Divorced,14489.0,4,Yes,5,Yes,,2015-03-02
7543,Kristin Walker,25.0,Female,It,Executive,Master,Married,3306.0,4,No,4,Yes,,
7321,Zachary Fields,44.0,Female,It,Consultant,Bachelor,Single,9368.0,7,No,2,Yes,,
6051,Douglas Torres,37.0,Male,Hr,Consultant,Phd,Divorced,10173.0,10,No,1,No,,
7790,Gregory Jennings,22.0,Female,It,Manager,High School,Single,9874.0,8,Yes,5,Yes,,
5197,Daniel Williamson,36.0,Male,R&D,Consultant,High School,Divorced,9480.0,5,No,5,No,,
2469,Barbara Martinez,31.0,Female,Sales,Engineer,Phd,Married,14418.0,8,Yes,5,Yes,,
9748,Chase Martin,30.0,Male,Finance,Consultant,Master,Divorced,8565.0,2,No,3,Yes,2016-04-07,
7241,Jennifer Young,59.0,Female,It,Engineer,Phd,Divorced,6778.0,4,No,3,Yes,,
8262,Nicole Turner,39.0,Male,R&D,Executive,Master,Divorced,4868.0,3,Yes,4,No,,
4980,Lisa Larsen,52.0,Female,Hr,Manager,Bachelor,Single,14591.0,12,No,2,No,,2027-07-31
1929,Stephanie Solomon,47.0,Male,R&D,Engineer,High School,Single,6461.0,7,No,3,Yes,2023-07-09,
3906,Alexandria Mccoy,53.0,Male,It,Engineer,High School,Divorced,6650.0,5,Yes,4,No,,
9081,James Waters,58.0,Female,Sales,Consultant,Phd,Married,4018.0,10,Yes,5,Yes,2014-07-02,
6707,Sara Sanders,40.0,Male,It,Consultant,Phd,Single,8799.0,9,Yes,5,No,,
6182,Jennifer Evans,25.0,Male,R&D,Engineer,Bachelor,Married,8768.0,2,No,3,Yes,,
4312,Renee Robinson,53.0,Male,Finance,Executive,Bachelor,Married,6766.0,6,No,2,Yes,2017-01-09,
7153,Gregg Chandler,48.0,Female,Hr,Technician,High School,Married,6922.0,8,Yes,3,Yes,,
2551,Patricia Boone,56.0,Male,Hr,Consultant,Master,Single,13850.0,11,Yes,4,Yes,,
2926,Leah Stephenson,53.0,Male,Hr,Analyst,Phd,Single,2653.0,10,Yes,2,No,,
4137,Daniel Thompson,53.0,Male,It,Executive,Phd,Married,6476.0,12,No,5,No,,2023-08-21
8463,Vanessa Fletcher,32.0,Female,It,Technician,Phd,Single,12238.0,10,Yes,4,No,,
5949,Matthew Hamilton,20.0,Male,R&D,Analyst,High School,Divorced,13931.0,12,Yes,5,No,,2037-02-27
2023,Robert Monroe,53.0,Male,It,Manager,Master,Married,9338.0,10,Yes,5,No,,2031-11-11
3279,Carlos Dalton,44.0,Female,R&D,Engineer,Phd,Divorced,13273.0,10,No,2,No,,
4311,Tina Carney,59.0,Female,Hr,Executive,Master,Married,8901.0,13,Yes,4,No,,
9619,Kaitlin Roberts,59.0,Female,Finance,Technician,Phd,Married,13697.0,12,No,3,Yes,2019-04-11,
5738,Tyler White,40.0,Female,Sales,Analyst,Master,Single,3419.0,14,No,3,Yes,,
5281,Joseph Graham,52.0,Male,It,Engineer,High School,Single,4459.0,3,Yes,2,Yes,,
2947,Donna Parsons,59.0,Female,R&D,Consultant,Master,Single,9499.0,8,Yes,4,No,,
9275,Dr. Dawn Johnson DDS,40.0,Male,Hr,Technician,High School,Married,5087.0,5,Yes,1,Yes,,
4298,Justin Jones,31.0,Female,R&D,Executive,High School,Married,3924.0,10,Yes,4,Yes,,
9412,Anthony Robertson,33.0,Male,It,Technician,High School,Married,5989.0,13,Yes,5,No,,2033-07-28
2825,Tanya Rodriguez,31.0,Male,Sales,Executive,High School,Divorced,11341.0,13,Yes,2,No,,
6277,Jordan Hudson,27.0,Female,Finance,Consultant,Master,Single,8814.0,13,No,5,No,,
9614,Alan Valentine,30.0,Male,It,Executive,Phd,Divorced,3519.0,14,No,2,No,,
7646,Theresa Castaneda,28.0,Male,R&D,Engineer,High School,Divorced,10044.0,1,No,4,No,,
2249,Melissa Leonard,42.0,Female,Hr,Manager,High School,Single,6723.0,13,Yes,3,Yes,2015-07-01,
7656,Rachel Sanchez,59.0,Female,Hr,Executive,High School,Divorced,8590.0,9,No,3,No,,
4350,Ronald Hall,25.0,Female,Sales,Consultant,Phd,Married,6354.0,9,No,4,No,,
9657,Rita Wagner,37.0,Female,Finance,Analyst,Phd,Single,12850.0,8,Yes,1,Yes,,2024-03-20
4683,Amanda Watkins,36.0,Female,It,Engineer,Master,Married,7146.0,11,Yes,2,Yes,,
9840,Natasha Evans,31.0,Male,Hr,Analyst,Master,Single,14650.0,8,Yes,4,No,2014-09-05,2022-05-09
7036,Sheryl Stanton,48.0,Male,It,Executive,Master,Single,13648.0,11,No,5,No,,
1801,Kristina Waters,31.0,Male,Sales,Executive,High School,Single,7758.0,8,No,2,Yes,,
8002,Nathan Hill,35.0,Female,Finance,Consultant,Bachelor,Single,9345.0,2,No,3,Yes,,2016-09-20
9807,Ashley Patterson,47.0,Male,R&D,Consultant,Phd,Divorced,14141.0,9,No,5,No,,
1203,Samantha Garcia,29.0,Male,Sales,Analyst,Bachelor,Divorced,13604.0,10,No,3,Yes,,2025-05-04
4498,David Walsh,59.0,Male,Finance,Manager,Phd,Married,9909.0,2,Yes,5,Yes,,
7576,Michael Hogan,59.0,Male,R&D,Manager,High School,Divorced,6533.0,8,Yes,1,No,2020-01-07,
8480,Mr. Anthony Hart Jr.,59.0,Male,Finance,Consultant,Bachelor,Divorced,14367.0,0,Yes,3,Yes,2017-01-09,
5139,Tiffany Hall,48.0,Female,Finance,Analyst,Master,Single,4562.0,8,No,4,Yes,,
5878,Michael Thompson,36.0,Male,Sales,Consultant,High School,Married,2964.0,12,No,5,Yes,,2034-03-15
2794,Kenneth Hughes,38.0,Female,Unknown,Analyst,High School,Single,4740.0,7,No,2,No,,
1199,Taylor Maldonado,40.0,Male,R&D,Technician,Bachelor,Divorced,13812.0,11,No,3,Yes,2025-04-03,
5548,Christopher Hogan,23.0,Female,Hr,Consultant,Bachelor,Married,12096.0,9,No,5,Yes,2014-05-06,
1914,Paul Robbins,47.0,Female,R&D,Manager,Bachelor,Single,3961.0,4,No,2,No,,
2110,Maria Sandoval,51.0,Male,Hr,Executive,Bachelor,Divorced,9063.0,7,Yes,1,Yes,,2019-05-16
2790,Maureen Ellis,59.0,Female,Sales,Analyst,Bachelor,Single,8547.0,9,No,3,No,,
3786,Gabriel Li MD,21.0,Female,R&D,Manager,Bachelor,Divorced,11944.0,11,Yes,1,Yes,,
3024,Robert Sandoval,31.0,Female,Finance,Analyst,High School,Married,3816.0,2,No,1,No,,
3330,Thomas Scott,44.0,Male,Finance,Consultant,Master,Divorced,14122.0,12,Yes,3,No,2014-11-03,
6740,Theresa Gonzales,36.0,Female,It,Analyst,Phd,Married,4168.0,7,Yes,3,No,2017-09-10,2024-10-09
8975,Zachary Rice,48.0,Male,Sales,Analyst,High School,Divorced,12695.0,12,Yes,5,No,,2031-11-06
6130,Rebecca Tapia,48.0,Male,Finance,Technician,Bachelor,Married,11359.0,11,Yes,3,No,,
8182,Christopher Jones,50.0,Male,Finance,Engineer,Phd,Married,9564.0,4,Yes,2,No,,
5337,Tracy Robinson,50.0,Male,Hr,Executive,Bachelor,Single,14737.0,11,No,1,No,,
5727,Janice Perry,37.0,Male,Sales,Executive,Bachelor,Single,6559.0,10,Yes,2,No,,
5508,David Stone,52.0,Female,It,Analyst,High School,Divorced,13685.0,5,Yes,2,Yes,,
1017,John Macdonald,33.0,Male,It,Executive,Master,Divorced,9443.0,7,Yes,5,Yes,,
2450,Melissa Craig,34.0,Male,Finance,Technician,High School,Married,11684.0,6,Yes,2,Yes,,
3958,Caleb Rowe,21.0,Female,It,Technician,High School,Married,7265.0,8,No,1,No,,
3875,Eric Wright,55.0,Female,Finance,Manager,Master,Married,12428.0,9,No,2,No,,
9290,Luis Taylor,44.0,Male,Sales,Consultant,Master,Single,3291.0,0,Yes,3,No,2018-11-09,
8226,Cheryl Mccormick,27.0,Male,Sales,Technician,High School,Single,5363.0,9,Yes,1,No,,
8400,Marissa Cummings MD,34.0,Male,Hr,Executive,Phd,Married,12017.0,9,Yes,2,Yes,,
5167,Deborah Carlson,35.0,Male,It,Executive,Phd,Married,12530.0,10,Yes,4,Yes,,
7033,Kimberly Owens,35.0,Female,R&D,Engineer,High School,Single,5165.0,8,Yes,1,No,,
1431,Nicholas Hogan,30.0,Male,Finance,Executive,Master,Married,12616.0,4,Yes,4,Yes,,
1109,Brian Allen,28.0,Male,Sales,Analyst,Master,Married,13464.0,11,No,3,No,,
3428,Patrick Banks,47.0,Male,Finance,Executive,Phd,Married,4784.0,9,Yes,3,No,,
8085,Robin Henson,20.0,Male,It,Analyst,Phd,Divorced,4178.0,3,Yes,4,Yes,,
4380,Rebecca Collier,33.0,Female,Unknown,Engineer,Master,Divorced,6005.0,13,No,5,Yes,,
6927,Ronald Jackson,25.0,Female,Hr,Analyst,Phd,Single,4761.0,5,No,3,Yes,2025-05-01,
9689,Jean Baker,35.0,Female,Sales,Analyst,High School,Married,12623.0,0,No,2,No,2020-10-05,
6153,David Maynard,31.0,Male,Finance,Consultant,Master,Divorced,10643.0,0,No,5,Yes,,
5572,Alexandra Ballard DVM,59.0,Male,Hr,Technician,Master,Single,5208.0,5,Yes,5,Yes,2014-10-01,
8799,Alisha Russell,21.0,Female,Hr,Executive,Master,Single,5489.0,9,Yes,2,No,,
4484,Carol Taylor,37.0,Female,It,Consultant,High School,Married,13174.0,7,No,1,No,,
4089,Anna Harris,31.0,Female,Sales,Consultant,High School,Married,4966.0,0,Yes,1,Yes,,
1732,Mrs. Megan Smith DDS,27.0,Male,R&D,Manager,Phd,Divorced,8861.0,8,Yes,2,Yes,2024-05-04,
7428,Benjamin Terry,42.0,Male,Sales,Consultant,Phd,Married,9850.0,14,Yes,3,Yes,,
7313,Jeffrey Lopez,34.0,Female,R&D,Technician,Master,Divorced,8814.0,11,No,4,Yes,,
3955,Harry Braun,27.0,Female,Hr,Consultant,Bachelor,Single,4402.0,14,Yes,4,Yes,,
7130,Eric Graham,42.0,Male,Finance,Manager,High School,Married,8814.0,2,Yes,3,No,,2020-01-17
2489,Crystal Taylor,41.0,Male,Finance,Analyst,High School,Married,13244.0,9,Yes,1,No,,2034-10-08
1794,John West,26.0,Female,Hr,Technician,Master,Divorced,8797.0,6,Yes,4,No,2024-11-01,
5778,David Moses,28.0,Female,Unknown,Manager,Master,Divorced,13890.0,11,Yes,5,Yes,,2034-03-20
9609,Mrs. Sarah Holland DDS,29.0,Male,R&D,Consultant,Master,Single,3566.0,7,Yes,3,No,,
7878,William Ritter,53.0,Male,R&D,Technician,Master,Married,3219.0,2,Yes,4,Yes,,
8330,Frank Sullivan,52.0,Male,Sales,Executive,High School,Single,8814.0,4,No,2,No,,
4195,Keith Schneider,43.0,Female,It,Executive,Phd,Divorced,8124.0,6,No,1,Yes,,2026-09-15
3789,Sabrina Grant,36.0,Male,Hr,Technician,Phd,Single,3746.0,11,No,3,Yes,,
1655,Joel Walter,55.0,Female,Sales,Technician,High School,Single,7703.0,7,Yes,5,No,,
8771,John Rios,41.0,Male,R&D,Manager,Master,Single,9089.0,3,No,4,Yes,2013-02-08,
7666,Alexander Bryant,58.0,Male,Hr,Engineer,High School,Married,5716.0,1,Yes,4,Yes,2023-08-06,
1238,Matthew Lee,40.0,Female,Hr,Technician,High School,Divorced,6144.0,5,No,5,Yes,,
5814,James Boyd,41.0,Female,Unknown,Engineer,Bachelor,Divorced,5637.0,1,No,1,No,,
3314,William Andersen,48.0,Female,Sales,Analyst,Phd,Married,12896.0,6,Yes,5,Yes,2022-09-03,
1473,Anthony Brown,53.0,Female,Finance,Executive,Master,Single,11212.0,10,Yes,3,Yes,,
4893,Erin Friedman,48.0,Female,Sales,Technician,Master,Divorced,6037.0,11,No,5,Yes,2023-09-08,
5682,Richard Lewis,36.0,Male,R&D,Executive,High School,Married,8814.0,12,No,3,No,,2035-02-25
2519,Thomas Black,34.0,Male,Finance,Manager,Phd,Divorced,10580.0,0,Yes,2,No,,
9578,Edward Martin,56.0,Male,Hr,Manager,High School,Single,13068.0,14,Yes,2,No,,
8381,John Hart,54.0,Female,R&D,Manager,High School,Single,4287.0,8,Yes,5,No,,
9123,Wendy Callahan,29.0,Male,Hr,Analyst,Phd,Married,9208.0,8,Yes,1,No,,
7715,Angelica Riley,33.0,Female,Sales,Analyst,Master,Divorced,7626.0,9,No,4,No,2019-10-03,
2619,Laurie Taylor,42.0,Female,R&D,Technician,High School,Single,8814.0,11,No,3,Yes,,
2343,Karen Nelson,24.0,Female,Finance,Manager,Phd,Married,4413.0,8,Yes,2,Yes,,2030-03-06
5358,Bradley Wagner,51.0,Female,Finance,Manager,Phd,Single,13259.0,13,No,1,Yes,,
8505,Clifford Rose,46.0,Female,Finance,Analyst,Master,Single,14418.0,12,No,5,No,,
1620,Christopher Cisneros,55.0,Male,Finance,Analyst,Master,Divorced,11328.0,11,No,4,Yes,2017-03-10,2028-10-03
5461,Mike Campbell,37.0,Male,It,Consultant,Phd,Married,7933.0,2,Yes,2,No,,
8746,Terry Brooks,53.0,Female,It,Manager,Phd,Divorced,6797.0,11,Yes,1,Yes,2020-01-12,
5447,Deborah Holder,30.0,Male,Hr,Manager,High School,Divorced,8158.0,5,No,3,Yes,,
7371,Kimberly Potter,31.0,Female,R&D,Executive,Bachelor,Divorced,7626.0,12,Yes,2,Yes,,2032-09-22
2421,Alex Cohen,40.0,Male,It,Executive,High School,Married,12681.0,11,No,2,No,,
6933,Calvin Avila,20.0,Female,It,Executive,Phd,Divorced,8814.0,4,Yes,4,No,,
7869,Mrs. Paula Williamson DDS,58.0,Male,Hr,Engineer,Bachelor,Single,6935.0,8,No,3,Yes,,
8896,Karen Reed,32.0,Male,It,Analyst,Master,Single,9152.0,13,Yes,3,No,,
7870,Melissa Adams,31.0,Female,R&D,Executive,Bachelor,Divorced,4403.0,14,Yes,5,No,,
7799,Tracy Schultz,31.0,Female,It,Technician,Phd,Divorced,6506.0,11,No,4,Yes,,
3864,David Christian,51.0,Male,Finance,Manager,Master,Divorced,13809.0,1,Yes,3,No,,2025-11-10
4973,Christy Giles,41.0,Female,Unknown,Analyst,Master,Single,4292.0,7,No,4,No,,
1275,Denise Mitchell,59.0,Male,Finance,Executive,Phd,Divorced,10487.0,2,No,4,No,,2013-09-04
5902,Brian Simmons,58.0,Female,Sales,Analyst,Master,Single,5861.0,7,No,2,No,2012-11-05,2019-05-11
6152,Arthur Vaughn,48.0,Male,Sales,Engineer,Bachelor,Divorced,11511.0,6,Yes,3,No,,
4396,Rodney Smith,26.0,Female,Finance,Engineer,Bachelor,Married,8814.0,11,Yes,4,Yes,,
5701,Lisa Powers,47.0,Female,Sales,Manager,Phd,Single,14034.0,8,Yes,5,No,,
8605,Stephen Hardin,29.0,Female,It,Analyst,High School,Divorced,12777.0,4,Yes,2,No,,
6374,Lance Swanson,36.0,Female,It,Consultant,Bachelor,Single,9509.0,10,No,5,No,,
7674,Deborah Boone,20.0,Female,Sales,Manager,Phd,Married,14166.0,0,No,2,No,,
2570,Bryan Lee,43.0,Male,Sales,Engineer,High School,Divorced,13493.0,3,Yes,4,No,,
7514,Sue Miller,31.0,Male,Hr,Manager,Phd,Married,7752.0,8,Yes,2,Yes,,
2651,Todd Ramirez,50.0,Female,R&D,Manager,Phd,Married,13638.0,6,Yes,3,No,2020-02-04,
2812,Gabriel Sanchez,20.0,Male,Hr,Engineer,Bachelor,Married,9760.0,7,No,2,Yes,2024-08-03,2031-03-08
2946,Dustin Dillon,36.0,Female,R&D,Executive,Master,Single,13228.0,3,No,4,No,,
5678,April Gonzalez,40.0,Male,Finance,Manager,Bachelor,Single,3684.0,1,No,4,No,,
5700,Angela Wilson,49.0,Male,R&D,Executive,Phd,Married,11616.0,9,Yes,2,No,,
1046,Helen Bender,37.0,Male,It,Consultant,Master,Single,9531.0,6,Yes,5,Yes,,2019-06-16
4488,Cassidy Watson,48.0,Male,Finance,Manager,Phd,Single,14225.0,8,No,5,Yes,,
4929,Raymond Klein,30.0,Male,R&D,Consultant,Bachelor,Divorced,12039.0,8,Yes,3,Yes,,
6805,Jennifer Edwards,44.0,Male,It,Consultant,Bachelor,Married,10064.0,5,Yes,2,No,2013-12-03,
2716,Cassandra Robles,43.0,Female,Finance,Technician,High School,Divorced,8814.0,13,No,1,No,,
7284,Juan Mcdonald,28.0,Female,Finance,Technician,Master,Single,3170.0,0,No,4,No,,2011-11-18
2875,Patricia Smith,22.0,Male,Finance,Engineer,Master,Married,5647.0,6,No,3,Yes,,
8410,Pamela Brandt,30.0,Male,It,Analyst,Bachelor,Divorced,9481.0,4,No,2,Yes,,
4565,Nicholas Lopez,47.0,Male,Hr,Consultant,High School,Single,4568.0,9,Yes,3,Yes,,
6234,Jamie Sutton,54.0,Male,Sales,Consultant,Phd,Single,4927.0,11,Yes,4,Yes,,2024-05-28
6123,Christopher Wilson,59.0,Female,Finance,Manager,High School,Divorced,8814.0,12,Yes,1,Yes,2012-02-08,2024-08-02
7882,Joan Rodriguez,45.0,Male,Hr,Technician,Master,Single,8746.0,0,No,1,No,,
2781,Vincent Howard,40.0,Male,It,Manager,High School,Divorced,10342.0,14,Yes,1,Yes,,2038-12-18
1569,Cory Thompson,31.0,Female,It,Analyst,Master,Married,12048.0,5,Yes,1,Yes,,
4963,Robin Woods,23.0,Male,Finance,Engineer,Bachelor,Divorced,8190.0,3,No,1,Yes,,
9899,John Schmidt,44.0,Male,Finance,Technician,Master,Divorced,13147.0,1,No,3,Yes,,
4534,Heidi Gardner,34.0,Female,Sales,Technician,Bachelor,Divorced,9436.0,4,Yes,4,Yes,,
6315,Patrick Kaiser,53.0,Male,Finance,Analyst,Bachelor,Married,10441.0,4,No,4,No,2019-01-08,2023-08-01
9318,Jennifer Davenport,26.0,Male,Hr,Manager,High School,Married,3459.0,10,Yes,2,No,,
1035,Caitlin Morgan,25.0,Male,R&D,Executive,Bachelor,Married,14054.0,5,No,3,No,,
5075,Judy Bass,48.0,Female,Sales,Consultant,Bachelor,Divorced,6142.0,11,Yes,4,No,,
5585,Mathew Thomas,24.0,Male,Hr,Technician,Phd,Divorced,4846.0,13,Yes,4,Yes,,
2869,Aaron Patel,25.0,Female,It,Consultant,Phd,Married,6127.0,1,No,2,No,,
3027,Amber Newton,40.0,Male,Finance,Executive,Master,Divorced,10221.0,14,No,3,No,,
5872,Brittany Barnes,57.0,Male,Hr,Analyst,Bachelor,Single,6098.0,0,No,1,Yes,2016-03-03,
8398,David West,55.0,Male,Unknown,Manager,Phd,Single,9479.0,2,No,5,No,,
7540,Austin Reynolds MD,55.0,Male,It,Executive,High School,Single,8859.0,14,Yes,3,No,,
1206,Roberta Burns,30.0,Female,R&D,Technician,Master,Divorced,8814.0,9,Yes,1,No,,
9069,Robert Scott MD,36.0,Male,Sales,Engineer,Phd,Divorced,8814.0,4,Yes,5,Yes,2017-09-02,
1988,Daniel Rogers,32.0,Male,R&D,Executive,Phd,Married,11487.0,11,No,5,No,2012-09-07,
4460,Angela Simon,43.0,Female,Unknown,Engineer,Bachelor,Married,14658.0,5,Yes,5,No,,
4706,Cathy Thomas,40.0,Male,Finance,Technician,Phd,Married,5073.0,0,No,4,No,,
8755,Linda Weber,57.0,Female,Sales,Engineer,Master,Single,3789.0,4,Yes,1,No,,
7880,Mark Alvarez,41.0,Male,Sales,Technician,Phd,Single,13251.0,14,No,4,No,,
9511,Lawrence Thomas,44.0,Female,Finance,Consultant,Phd,Divorced,3940.0,12,Yes,3,Yes,,
5882,Billy Lee,39.0,Male,Finance,Technician,Phd,Single,8795.0,2,Yes,5,Yes,,2013-03-28
1512,Kaylee Farmer,52.0,Female,R&D,Analyst,Bachelor,Single,11066.0,3,No,4,No,,
8108,Stephen Mason,29.0,Male,It,Technician,High School,Married,6286.0,6,No,4,Yes,,
3040,Frances Mcdowell,43.0,Female,Hr,Consultant,Master,Divorced,10022.0,7,No,4,Yes,2014-02-08,2021-08-02
7560,Jose Thompson,45.0,Male,Sales,Technician,Bachelor,Married,8486.0,9,No,4,No,,
9551,Andrew Thomas,41.0,Female,Hr,Technician,Bachelor,Single,12973.0,3,Yes,3,No,,
7551,Charles Ortega,40.0,Male,Sales,Technician,High School,Single,4219.0,14,No,4,Yes,,
8212,Amanda Odom,59.0,Female,Finance,Consultant,High School,Married,5613.0,10,No,2,No,,
5191,Michael Jenkins,22.0,Male,Sales,Manager,Phd,Single,3588.0,6,No,4,Yes,,
7030,Tammy Cabrera,35.0,Male,Finance,Consultant,Master,Single,7047.0,7,Yes,3,Yes,,
7457,Tara Patterson,36.0,Female,R&D,Technician,Phd,Married,9740.0,7,Yes,3,No,,
5751,Brian Fleming,22.0,Female,Finance,Executive,Master,Single,10225.0,9,Yes,3,No,,
7669,Janice Martinez,27.0,Female,R&D,Manager,Master,Married,9615.0,3,No,1,Yes,,
6437,Lindsay Walker,54.0,Male,R&D,Analyst,High School,Single,5652.0,7,Yes,2,Yes,,
2142,Chris Williams,34.0,Female,It,Engineer,High School,Married,8814.0,13,No,1,Yes,2014-02-10,
6631,Sarah Mccall,43.0,Male,It,Analyst,High School,Married,2661.0,13,No,2,Yes,,
5086,Derrick Knight,53.0,Male,Finance,Executive,Phd,Married,11675.0,10,Yes,5,No,2013-02-09,
7383,Sabrina Cantrell,51.0,Male,R&D,Manager,Bachelor,Married,14260.0,0,No,2,No,,
9001,Sarah Spencer,37.0,Male,It,Manager,Phd,Divorced,10427.0,1,No,5,No,,
7846,Christopher Arnold,54.0,Female,R&D,Engineer,Phd,Divorced,5339.0,1,Yes,1,No,,
2893,Cynthia Bell,49.0,Female,Finance,Consultant,Phd,Divorced,5759.0,5,Yes,5,Yes,,
9965,Debra Huber,27.0,Male,Sales,Consultant,Phd,Single,11053.0,4,No,4,Yes,2017-06-05,
3621,Joseph Gomez,29.0,Female,Hr,Manager,Bachelor,Divorced,6007.0,8,No,1,No,,
9548,Marie Elliott,25.0,Male,It,Engineer,High School,Single,5239.0,4,No,1,No,2025-08-05,
6164,Jason Warner,27.0,Male,Finance,Consultant,Master,Married,3807.0,4,Yes,4,No,,
4447,Nicholas House,37.0,Female,R&D,Analyst,Bachelor,Divorced,9063.0,5,Yes,1,No,2016-06-12,
6388,Kaitlin Johnston,20.0,Male,It,Manager,Master,Divorced,10480.0,10,No,2,Yes,,
5477,James Mason,56.0,Female,Finance,Executive,High School,Divorced,8913.0,10,No,5,Yes,,2028-05-10
3488,Rebecca Kennedy,45.0,Male,Finance,Manager,Phd,Divorced,9299.0,10,Yes,3,Yes,,2028-04-27
9573,Melissa Edwards,45.0,Female,Sales,Manager,Master,Married,8660.0,7,Yes,4,No,,
9612,Tyler Christensen,52.0,Male,It,Executive,Bachelor,Married,9677.0,12,No,4,Yes,,
9751,Nicholas Villanueva,37.0,Female,R&D,Consultant,High School,Single,7346.0,10,Yes,4,No,,
6713,Andrea Bryant,50.0,Female,Hr,Executive,High School,Divorced,11682.0,0,No,2,No,,
8237,Emily Henderson,22.0,Female,Unknown,Technician,High School,Married,4242.0,5,Yes,3,No,,
9420,Garrett Lawrence,52.0,Female,Finance,Manager,Bachelor,Divorced,6708.0,3,Yes,4,No,,
1749,Emily Berry,36.0,Male,Finance,Technician,Bachelor,Divorced,5469.0,12,No,2,No,,
6163,John Casey,45.0,Male,Finance,Engineer,Master,Single,12969.0,11,No,4,Yes,,
5159,Rachel Bowen,21.0,Male,Hr,Analyst,Bachelor,Single,10054.0,6,Yes,2,Yes,2018-08-11,
1923,Eric Obrien,40.0,Male,R&D,Technician,High School,Married,14580.0,6,No,4,No,,
3568,Tonya Morgan,27.0,Male,It,Consultant,Phd,Married,12745.0,6,Yes,5,Yes,,
9554,Barbara Fisher,41.0,Male,Hr,Analyst,Phd,Divorced,7278.0,12,No,1,Yes,,2037-07-21
3102,Tiffany Adams,31.0,Male,Hr,Technician,High School,Single,9088.0,4,Yes,3,No,,
3684,Andre Henderson,47.0,Female,Hr,Consultant,Phd,Single,4204.0,7,Yes,3,No,,
3323,Amanda Ibarra,24.0,Male,It,Engineer,Bachelor,Divorced,8876.0,0,No,4,Yes,,2024-05-22
2831,Julia Anderson,34.0,Male,Hr,Engineer,Master,Divorced,7494.0,1,No,2,No,,
9035,Gerald White,26.0,Female,Finance,Technician,Phd,Single,5767.0,8,No,3,No,,
3787,Heather Ford,51.0,Male,Finance,Consultant,Bachelor,Married,7841.0,9,Yes,2,Yes,,2030-07-29
8859,Wyatt Carter,28.0,Male,It,Executive,Phd,Divorced,12024.0,14,No,4,No,,
6252,Courtney Byrd,53.0,Female,It,Engineer,Phd,Divorced,3783.0,12,No,2,Yes,,
6080,Samuel Smith,20.0,Female,It,Manager,Master,Married,5366.0,5,Yes,1,Yes,2015-08-05,2020-05-08
6148,James Morrison,57.0,Female,Sales,Executive,High School,Single,7295.0,10,No,3,No,,
2788,Brendan Smith,23.0,Female,It,Consultant,High School,Married,3307.0,14,Yes,1,No,,2029-07-17
1970,Cheryl Harrell,24.0,Male,Sales,Manager,Phd,Divorced,7111.0,7,No,2,No,,
2877,Steven Wilson,46.0,Female,Unknown,Manager,High School,Married,14099.0,4,No,3,No,,
8949,Howard Alvarado,23.0,Female,Sales,Analyst,Bachelor,Divorced,5572.0,8,No,2,Yes,,
8948,Kristi Davenport,40.0,Female,R&D,Manager,Master,Married,3189.0,9,No,1,No,,
7667,Kenneth Long,21.0,Female,R&D,Consultant,Phd,Married,3017.0,0,No,4,Yes,,
5014,Michael Mccall,40.0,Female,Unknown,Technician,Phd,Single,7990.0,4,Yes,3,Yes,2017-02-09,
9477,Kevin Thompson,20.0,Female,Finance,Engineer,High School,Married,8036.0,2,Yes,3,Yes,,2014-10-31
3067,Janet Moss,52.0,Male,R&D,Analyst,Phd,Married,11831.0,11,No,5,No,2017-03-06,2028-06-03
4284,Robert Hood,37.0,Female,R&D,Analyst,Master,Married,7257.0,11,No,3,Yes,,
9167,Scott Hodges,45.0,Female,It,Technician,Bachelor,Married,9968.0,6,No,4,No,2010-04-12,
6808,David Wood,22.0,Female,Finance,Consultant,High School,Divorced,13673.0,6,Yes,1,Yes,2024-03-05,
3978,Jeffery Alexander,41.0,Female,Finance,Technician,Bachelor,Single,13196.0,14,No,2,No,,2032-08-14
3209,Matthew Leonard,27.0,Female,It,Technician,High School,Married,3730.0,8,Yes,4,Yes,2015-02-06,
6168,Madison Waters,38.0,Male,Finance,Consultant,Bachelor,Divorced,7783.0,5,No,5,Yes,,
4228,Jamie Huff,43.0,Male,Hr,Consultant,Master,Married,8796.0,12,No,4,No,,2033-02-20
8239,Kristen Parker,51.0,Female,R&D,Consultant,Master,Single,4940.0,0,No,1,No,2020-04-01,
7585,Elizabeth Wright,23.0,Female,Hr,Executive,High School,Single,8516.0,2,No,5,Yes,,2020-04-21
9785,Tyler Patrick,40.0,Male,It,Analyst,Phd,Divorced,2801.0,12,No,3,No,,
1064,Marissa Gardner,58.0,Female,Finance,Analyst,Bachelor,Divorced,11592.0,9,No,1,Yes,2016-11-11,
6712,John Guerrero,24.0,Female,Hr,Consultant,Master,Married,3485.0,9,No,5,No,,2028-09-17
5284,Laura Tran,55.0,Female,Finance,Manager,Bachelor,Single,14314.0,13,Yes,5,Yes,,2033-04-17
3200,Traci Walker,34.0,Male,Finance,Consultant,Phd,Divorced,13367.0,3,No,1,No,,
9267,Ryan Foley,46.0,Female,R&D,Engineer,Master,Single,11949.0,13,Yes,4,Yes,2025-02-03,
5510,Kristina Woodard,40.0,Male,Sales,Consultant,Master,Divorced,14990.0,5,Yes,3,No,,
1075,Christopher Ortega DDS,51.0,Female,R&D,Technician,Phd,Divorced,6926.0,8,No,4,Yes,,
6858,Joel Gilbert,51.0,Male,Finance,Executive,High School,Single,12773.0,7,No,1,Yes,,
6544,Austin Garcia,33.0,Male,Sales,Analyst,High School,Divorced,12003.0,7,Yes,2,No,,
3984,Patrick Mccoy,59.0,Male,It,Technician,Master,Divorced,6824.0,14,No,2,No,2020-06-03,
8469,Jacob Rodriguez,38.0,Male,Unknown,Manager,Master,Married,5375.0,4,Yes,5,No,,
3591,John Lara,49.0,Female,Unknown,Analyst,Phd,Single,4604.0,10,Yes,5,No,,2033-02-15
7818,John Strong,29.0,Female,Hr,Manager,Bachelor,Divorced,4719.0,6,No,5,Yes,,
4945,Michael Spencer,48.0,Male,Finance,Technician,High School,Married,10777.0,5,No,5,No,,
8821,Jeffery Vance,38.0,Female,Finance,Analyst,Phd,Divorced,9583.0,12,No,1,Yes,,2023-05-22
6352,Meghan Johnson,50.0,Male,It,Consultant,High School,Divorced,14238.0,10,No,4,Yes,2019-12-09,
6379,Shannon Navarro,20.0,Female,R&D,Manager,High School,Single,7476.0,13,Yes,5,No,,
9901,Bobby Hamilton,25.0,Male,R&D,Technician,Master,Divorced,14950.0,13,No,2,No,,
5671,Stephen Rodriguez,52.0,Female,It,Engineer,Master,Divorced,14736.0,0,Yes,5,Yes,,
3413,Mark Cole,44.0,Female,R&D,Technician,Master,Married,2598.0,2,No,4,No,,
4902,Anthony Mays,33.0,Female,It,Analyst,Master,Single,7932.0,9,No,1,Yes,,
3208,Bethany Mccoy,45.0,Female,It,Executive,Bachelor,Single,10881.0,7,Yes,2,No,,
4092,Melissa Davis,44.0,Female,It,Analyst,Phd,Divorced,9686.0,4,No,3,Yes,,
6813,Lindsay Morgan,51.0,Male,Finance,Technician,Bachelor,Married,13508.0,2,Yes,2,No,,2022-11-01
4917,David Skinner,48.0,Female,R&D,Consultant,Phd,Married,4532.0,3,No,3,No,,
6362,Jennifer Edwards,50.0,Male,R&D,Consultant,Bachelor,Single,8814.0,10,Yes,1,No,,
2277,Joanna Coleman,48.0,Male,R&D,Engineer,High School,Single,4926.0,3,Yes,4,Yes,,
7311,Darryl Ritter MD,59.0,Female,Sales,Manager,High School,Single,6672.0,6,No,2,Yes,,
5588,Damon Hubbard,45.0,Male,Finance,Consultant,Master,Single,11133.0,3,Yes,1,Yes,,
3549,Steven Tucker,24.0,Female,Hr,Consultant,Master,Divorced,12276.0,6,No,4,No,,
7680,Emily Ware,36.0,Male,Sales,Engineer,Master,Single,7219.0,13,Yes,1,No,,2032-07-03
8788,Kelly Espinoza,49.0,Female,Hr,Executive,Bachelor,Divorced,9449.0,11,Yes,2,No,,
8964,Dwayne Coleman,41.0,Female,R&D,Technician,Master,Married,11935.0,4,No,1,Yes,,
2944,Jennifer Dean,29.0,Male,Finance,Manager,Bachelor,Single,9774.0,4,No,4,Yes,,
3463,Connor Hall,22.0,Female,R&D,Consultant,Phd,Single,10897.0,2,No,4,Yes,2025-10-08,
5673,Heather Scott,56.0,Male,It,Manager,High School,Single,8376.0,9,Yes,5,Yes,,
4868,Kayla Henderson,50.0,Female,Hr,Executive,Phd,Divorced,7957.0,3,Yes,4,No,,
5339,Ryan Carpenter,21.0,Male,It,Manager,High School,Single,5490.0,10,No,2,No,,
2564,Shane Taylor,50.0,Male,Hr,Engineer,Master,Married,7675.0,12,Yes,4,Yes,2012-04-02,
9055,Anthony Morris,31.0,Female,Unknown,Technician,Master,Divorced,8817.0,5,Yes,5,Yes,,
3956,Susan Lopez,35.0,Male,Sales,Executive,Bachelor,Single,8058.0,1,No,2,No,,
9446,Mrs. Katherine Harris,38.0,Female,It,Analyst,Phd,Divorced,5490.0,11,Yes,5,No,2014-12-12,2025-12-12
2959,Amber Wallace,24.0,Male,R&D,Technician,High School,Divorced,2695.0,3,No,1,Yes,,
9243,Kristen Reilly,27.0,Male,Hr,Executive,High School,Single,3278.0,5,No,5,No,2025-01-06,2030-06-01
7720,Marissa Atkins,38.0,Male,Finance,Executive,High School,Divorced,13276.0,9,Yes,4,Yes,,
5682,Richard Lewis,36.0,Male,R&D,Executive,High School,Married,14163.0,12,No,3,No,,
7424,Lisa Butler,25.0,Male,Hr,Manager,Master,Married,6420.0,13,No,4,No,,2032-12-28
3123,Rebecca Rivas,41.0,Male,Unknown,Technician,Master,Single,3382.0,7,Yes,5,No,,2023-03-25
9806,Stephen Guerrero,29.0,Male,Finance,Consultant,High School,Divorced,11395.0,4,Yes,3,No,,
4484,Carol Taylor,37.0,Female,It,Consultant,High School,Married,13174.0,7,No,1,No,,
7416,Jennifer Gutierrez,50.0,Female,Hr,Analyst,Bachelor,Single,2951.0,3,No,1,No,,
6966,Natasha Lara,31.0,Male,It,Consultant,Master,Single,2794.0,12,Yes,1,Yes,,
6646,Alan Huff,56.0,Male,Sales,Technician,Bachelor,Single,5234.0,8,Yes,1,No,,
5854,Karen Reyes,36.0,Male,Hr,Manager,Phd,Married,3748.0,8,No,2,No,,
6433,Rose Lewis,44.0,Female,It,Executive,Master,Divorced,12303.0,3,No,5,No,,2019-05-29
7111,Joshua Houston,23.0,Female,It,Consultant,Bachelor,Divorced,8126.0,7,Yes,5,Yes,,2023-09-20
7696,Kenneth Vasquez,27.0,Male,Hr,Executive,Master,Divorced,14191.0,12,No,5,No,2022-04-10,
8426,Anthony Cox,25.0,Male,Sales,Engineer,Master,Divorced,3560.0,13,No,3,Yes,,
1770,William Wilson,35.0,Female,Finance,Executive,Phd,Divorced,6110.0,11,Yes,2,Yes,,
3191,Tonya Young,52.0,Female,Finance,Analyst,Master,Divorced,13760.0,8,Yes,2,Yes,,
1020,Katherine Chandler,29.0,Male,R&D,Technician,Phd,Single,2507.0,11,No,3,No,2015-05-12,
3700,Sarah Walker,21.0,Male,Finance,Manager,Phd,Single,6800.0,4,No,4,Yes,,
6004,Andre Ramsey,22.0,Female,Finance,Technician,Phd,Divorced,13753.0,7,Yes,3,Yes,,
5046,Kristina Calhoun,40.0,Female,R&D,Executive,Bachelor,Single,5712.0,1,No,3,Yes,2012-05-10,2013-10-05
4359,David Morse,21.0,Male,It,Manager,High School,Single,6347.0,12,Yes,3,No,,
7394,Brian Jackson,31.0,Female,It,Technician,Phd,Single,4822.0,1,No,5,No,,
3362,Sally Delgado,49.0,Female,Sales,Technician,Bachelor,Single,12954.0,12,Yes,1,Yes,2018-05-08,
7756,Mary Yang,33.0,Male,Hr,Executive,Bachelor,Divorced,5986.0,1,Yes,2,No,,2018-06-27
8300,William Mcgee,39.0,Female,Unknown,Manager,Phd,Married,11012.0,1,Yes,1,No,2022-08-03,
7757,Charlotte Foley,56.0,Female,R&D,Manager,Bachelor,Divorced,8814.0,2,Yes,3,No,,
1288,Jonathan Obrien,27.0,Female,Finance,Engineer,High School,Single,14310.0,3,Yes,2,No,,2028-02-16
5427,Gerald Williams,35.0,Female,Hr,Engineer,High School,Divorced,6006.0,9,No,3,No,,
3388,Robert Newman,44.0,Female,It,Consultant,High School,Single,12321.0,3,Yes,2,No,,
1763,Michele Nichols,49.0,Female,R&D,Engineer,High School,Married,13751.0,4,No,2,Yes,,
7552,Christina Sanchez,48.0,Male,R&D,Technician,Bachelor,Married,5461.0,8,Yes,3,No,2023-09-03,
8616,Amber Bates,40.0,Male,R&D,Manager,Phd,Divorced,6703.0,2,Yes,3,No,,
2488,Todd Ford,41.0,Female,R&D,Consultant,Phd,Married,10516.0,1,Yes,4,Yes,,
5424,Jennifer Acosta,49.0,Female,It,Analyst,Master,Married,5292.0,5,No,3,Yes,,
6643,Shelly Skinner,22.0,Female,Finance,Technician,Phd,Married,5225.0,14,Yes,4,No,,
9655,Dr. Paul Turner Jr.,50.0,Male,Hr,Manager,Phd,Divorced,7585.0,1,Yes,5,Yes,,2020-02-17
1554,Kimberly Scott,56.0,Female,Finance,Consultant,Phd,Divorced,14154.0,1,Yes,1,No,,
3182,John Mcgee,44.0,Male,Sales,Manager,High School,Married,11827.0,4,No,4,Yes,,
4078,Melissa Jones,32.0,Male,It,Engineer,Phd,Married,5047.0,1,Yes,1,Yes,,
6427,Sarah Miller,23.0,Female,Sales,Analyst,Bachelor,Married,3036.0,1,Yes,4,Yes,,
6082,Allison Stewart,45.0,Female,R&D,Executive,Bachelor,Married,4250.0,13,Yes,5,No,,
5805,Katrina Hernandez,36.0,Female,It,Engineer,Phd,Married,9839.0,2,No,1,No,,
2041,David Bradley,58.0,Female,Hr,Manager,Bachelor,Married,11505.0,10,Yes,3,No,,
8331,Joanna Jefferson,32.0,Female,Hr,Consultant,High School,Divorced,10439.0,12,Yes,1,No,2010-09-12,
4339,Brandon Owen,30.0,Female,Hr,Consultant,Bachelor,Divorced,7030.0,1,Yes,4,Yes,2013-06-09,2014-09-06
7477,Nicole Espinoza,25.0,Female,Sales,Consultant,Bachelor,Single,6072.0,6,Yes,3,No,,
1572,Christian Willis,45.0,Female,Finance,Analyst,Phd,Divorced,12317.0,12,No,3,No,,
5491,Justin Rose,26.0,Male,Sales,Engineer,High School,Married,14421.0,2,Yes,2,Yes,,
3103,Brandy Calhoun,47.0,Female,It,Manager,High School,Divorced,2552.0,5,No,5,No,,2023-11-08
4237,Mark Beard,47.0,Male,It,Consultant,Phd,Married,7492.0,7,No,4,No,2016-07-05,
5394,Marissa Evans,54.0,Female,It,Technician,Master,Married,4406.0,5,No,3,Yes,,2022-11-14
6734,Mariah Thompson,34.0,Male,Hr,Analyst,High School,Married,13012.0,9,No,2,Yes,,
2389,Ms. Amber Alexander,57.0,Female,Sales,Executive,Bachelor,Married,10148.0,8,No,3,No,,
6462,Sandra Parker,30.0,Male,Finance,Technician,Bachelor,Married,9516.0,1,Yes,3,No,,
4859,David Murphy,29.0,Male,R&D,Manager,Master,Married,5540.0,3,Yes,5,No,,
3792,Joseph Montoya,41.0,Male,Sales,Manager,Phd,Single,10654.0,7,Yes,4,No,,2023-01-25
1562,Joel Stone,52.0,Male,Hr,Technician,Master,Divorced,6468.0,3,Yes,1,No,2013-09-04,
9457,Diana Castillo,46.0,Female,Finance,Analyst,High School,Divorced,12384.0,3,No,1,No,2025-03-01,
6972,Michelle Navarro,24.0,Male,It,Technician,High School,Single,12210.0,5,No,2,No,,
1319,Virginia Adams,41.0,Female,It,Executive,High School,Married,7609.0,11,No,1,No,2012-08-07,
9259,Kathleen Munoz,25.0,Male,Hr,Engineer,High School,Single,9049.0,3,No,2,Yes,,2025-08-24
1722,Robert Morris,55.0,Female,R&D,Engineer,Phd,Single,11897.0,9,Yes,2,Yes,,
7426,Tricia Johnson,41.0,Female,Finance,Manager,Bachelor,Single,3593.0,4,Yes,3,Yes,2019-04-03,
3109,Christopher Hooper,44.0,Male,Sales,Analyst,Phd,Divorced,9795.0,11,No,3,Yes,,
5514,Edward Burke,44.0,Male,Sales,Consultant,Phd,Divorced,13141.0,12,No,2,No,,
2908,Justin Horton,56.0,Male,Sales,Consultant,Phd,Married,7038.0,12,Yes,2,Yes,,
4787,Phillip Silva,56.0,Male,Hr,Executive,Phd,Single,5398.0,4,No,5,Yes,,2020-04-23
7614,Katherine Wilson,35.0,Female,Hr,Executive,High School,Divorced,2770.0,10,No,5,Yes,,
2708,Kimberly Griffin,55.0,Male,Sales,Manager,Phd,Married,13490.0,2,No,2,Yes,,
4968,Dylan Harrison,57.0,Male,Finance,Executive,Phd,Single,4541.0,12,No,2,No,,
1518,Raymond Potter,22.0,Male,Sales,Consultant,Bachelor,Single,9159.0,14,Yes,1,No,2023-11-06,
7442,Stephanie Smith,25.0,Female,It,Executive,Master,Divorced,13406.0,3,No,2,Yes,2018-10-09,
5531,Jonathan Lopez,42.0,Male,Hr,Analyst,Bachelor,Married,14405.0,7,Yes,5,Yes,,
5276,John Smith,21.0,Female,R&D,Executive,Phd,Married,7672.0,13,No,5,No,,2032-03-30
1406,Melissa Pearson,27.0,Male,Sales,Engineer,High School,Married,13696.0,7,Yes,2,Yes,,
2631,Thomas Wall,44.0,Male,Sales,Consultant,Master,Divorced,14389.0,9,No,2,No,,
1670,Anthony Adams,44.0,Female,R&D,Consultant,Master,Single,8624.0,13,No,4,Yes,,
5876,John Martinez,24.0,Male,R&D,Executive,High School,Married,5914.0,11,No,4,Yes,,2036-06-03
6764,Evan Wright,20.0,Female,It,Technician,High School,Married,13541.0,0,No,3,No,,
